Entry Date,Open price,High Price,Low Price,Avg. price,Volume
2019-01-01T00:00:00+0530,2645,2664,2612.1,2656.85,917872
2019-01-02T00:00:00+0530,2635.1,2662,2601.9,2614.05,1304915
2019-01-03T00:00:00+0530,2612,2648,2575.3,2586.2,1282478
2019-01-04T00:00:00+0530,2601,2611.9,2563.65,2576.05,1051021
2019-01-07T00:00:00+0530,2601,2605,2545.35,2553.6,1024328
2019-01-08T00:00:00+0530,2560,2582,2525.05,2537.05,1233379
2019-01-09T00:00:00+0530,2546,2559.8,2510,2524.35,1093992
2019-01-10T00:00:00+0530,2526,2542.45,2504.7,2514.65,910839
2019-01-11T00:00:00+0530,2516,2530,2488,2514.2,818218
2019-01-14T00:00:00+0530,2515.95,2552.9,2484.15,2544.8,1021504
2019-01-15T00:00:00+0530,2551,2613,2551,2604.2,1466303
2019-01-16T00:00:00+0530,2598.4,2612.15,2562.8,2569.85,952597
2019-01-17T00:00:00+0530,2574,2586.55,2527.05,2535.9,994183
2019-01-18T00:00:00+0530,2545,2555,2525.1,2542.9,753775
2019-01-21T00:00:00+0530,2548,2606,2526.6,2594.2,1332159
2019-01-22T00:00:00+0530,2585,2635,2575,2621.9,1474713
2019-01-23T00:00:00+0530,2619,2653,2611,2634.35,992504
2019-01-24T00:00:00+0530,2639,2653.5,2603.1,2635.65,753856
2019-01-25T00:00:00+0530,2649,2661,2585,2599.55,916927
2019-01-28T00:00:00+0530,2610,2610,2355,2458.5,2364047
2019-01-29T00:00:00+0530,2468,2570.1,2371.65,2515.55,6118833
2019-01-30T00:00:00+0530,2580,2623.7,2546,2595.5,3879707
2019-01-31T00:00:00+0530,2608,2608,2526,2574.85,2083418
2019-02-01T00:00:00+0530,2575,2687.9,2575,2628.4,2117768
2019-02-04T00:00:00+0530,2610,2623.55,2572.2,2594.45,942113
2019-02-05T00:00:00+0530,2600,2642.1,2593.95,2603.6,1010817
2019-02-06T00:00:00+0530,2619,2720,2612.1,2711.25,1798461
2019-02-07T00:00:00+0530,2725,2731,2684.1,2696.6,1760580
2019-02-08T00:00:00+0530,2670,2737.45,2670,2707.15,1510785
2019-02-11T00:00:00+0530,2724.7,2724.7,2635,2657.2,1194702
2019-02-12T00:00:00+0530,2668,2677.15,2616.3,2621.8,1200370
2019-02-13T00:00:00+0530,2629.9,2649,2572.05,2590.55,1207192
2019-02-14T00:00:00+0530,2579.95,2622,2556.9,2609.2,1214126
2019-02-15T00:00:00+0530,2610,2610,2506,2561.1,1640696
2019-02-18T00:00:00+0530,2548.05,2561,2512.45,2549.45,1154520
2019-02-19T00:00:00+0530,2551,2606.95,2545,2559.8,1148339
2019-02-20T00:00:00+0530,2585,2614.8,2571,2606.15,1038127
2019-02-21T00:00:00+0530,2610,2660,2593.05,2654.7,1139823
2019-02-22T00:00:00+0530,2652.55,2674,2632.4,2640.4,825672
2019-02-25T00:00:00+0530,2639,2675,2613.75,2657.75,1024040
2019-02-26T00:00:00+0530,2637.3,2678,2600,2657.75,1618996
2019-02-27T00:00:00+0530,2670,2696.65,2625,2642,1147839
2019-02-28T00:00:00+0530,2666.6,2667,2630,2649,1136843
2019-03-01T00:00:00+0530,2663.3,2674.3,2640,2660.75,707094
2019-03-05T00:00:00+0530,2655,2708.35,2644.6,2695.15,847307
2019-03-06T00:00:00+0530,2715,2774.2,2700,2766.7,1543424
2019-03-07T00:00:00+0530,2774.95,2782.3,2725,2734.8,859851
2019-03-08T00:00:00+0530,2724.9,2779,2716.6,2768.3,1178087
2019-03-11T00:00:00+0530,2769,2807.95,2769,2791.05,1169075
2019-03-12T00:00:00+0530,2808.8,2816.65,2745.5,2753.05,1385335
2019-03-13T00:00:00+0530,2760,2837.95,2748.85,2828.15,1549296
2019-03-14T00:00:00+0530,2832,2835,2787.1,2808.1,896055
2019-03-15T00:00:00+0530,2818.8,2899,2815,2860.75,2091562
2019-03-18T00:00:00+0530,2872,2941.1,2845,2929.55,1819986
2019-03-19T00:00:00+0530,2930,2962.9,2910.05,2920.9,1480565
2019-03-20T00:00:00+0530,2924.8,2934.55,2857.8,2868.6,1406862
2019-03-22T00:00:00+0530,2868,2895.5,2816,2836.65,1250876
2019-03-25T00:00:00+0530,2804,2862,2801,2849.8,1066757
2019-03-26T00:00:00+0530,2860,2942,2859,2934.35,1570637
2019-03-27T00:00:00+0530,2950,3014.15,2932.5,2945.25,2419656
2019-03-28T00:00:00+0530,2940.1,3000,2940.05,2995.85,1366945
2019-03-29T00:00:00+0530,3010,3034.95,2965.6,3025,1734853
2019-04-01T00:00:00+0530,3030.2,3046.4,2991,3001.45,1109000
2019-04-02T00:00:00+0530,3024.8,3077,2998.35,3055.2,1136238
2019-04-03T00:00:00+0530,3073,3089,3038.15,3046,1052752
2019-04-04T00:00:00+0530,3060,3065,3017.45,3039.45,772776
2019-04-05T00:00:00+0530,3048,3125,3046.1,3114.2,1244408
2019-04-08T00:00:00+0530,3123,3130,3018,3024.1,1642189
2019-04-09T00:00:00+0530,3016.55,3049.1,2979.45,3008.7,1733324
2019-04-10T00:00:00+0530,3011.1,3037,2986,2998.35,994899
2019-04-11T00:00:00+0530,3008,3055,2992,3047.85,1016712
2019-04-12T00:00:00+0530,3052,3062,3001.3,3008.8,1048138
2019-04-15T00:00:00+0530,3028.6,3033,3001.95,3022.25,651634
2019-04-16T00:00:00+0530,3018,3057.3,3018,3032.5,1021478
2019-04-18T00:00:00+0530,3038.7,3046,2995,3014.45,658826
2019-04-22T00:00:00+0530,3010,3010,2975,2991.25,662157
2019-04-23T00:00:00+0530,2992,3058.5,2987.05,3035.05,991968
2019-04-24T00:00:00+0530,3035,3099,3032,3093.05,990580
2019-04-25T00:00:00+0530,3099.8,3114.4,3072.65,3081,1240564
2019-04-26T00:00:00+0530,3089,3105,3045,3096.85,613807
2019-04-30T00:00:00+0530,3092,3120,3040,3095.95,900968
2019-05-02T00:00:00+0530,3095,3148.95,3060,3131.75,895830
2019-05-03T00:00:00+0530,3130.1,3165,3102.3,3111.85,730728
2019-05-06T00:00:00+0530,3066,3094,3026,3034.3,966487
2019-05-07T00:00:00+0530,3052.9,3069.8,3007.6,3017.05,970264
2019-05-08T00:00:00+0530,3012,3017,2900,2921.3,1155023
2019-05-09T00:00:00+0530,2900,2991.8,2885,2971.35,1745234
2019-05-10T00:00:00+0530,2970.1,2996,2900,2922.85,1630089
2019-05-13T00:00:00+0530,2929.9,2957.95,2906,2931.85,1356229
2019-05-14T00:00:00+0530,2927.95,2941.95,2848.1,2881.85,1861760
2019-05-15T00:00:00+0530,2921,3023.25,2870.8,3002.75,2453670
2019-05-16T00:00:00+0530,3014,3129,3010.25,3110.05,3644672
2019-05-17T00:00:00+0530,3137,3316,3122.05,3301.1,5848716
2019-05-20T00:00:00+0530,3390,3444.55,3343,3407.55,2724859
2019-05-21T00:00:00+0530,3418.05,3488,3375,3433.3,2884997
2019-05-22T00:00:00+0530,3442,3459.55,3398.05,3448.9,1566812
2019-05-23T00:00:00+0530,3495,3518,3355.65,3377.75,2406205
2019-05-24T00:00:00+0530,3400,3475,3391.3,3467.9,1568523
2019-05-27T00:00:00+0530,3480,3484.95,3440,3449,932000
2019-05-28T00:00:00+0530,3468,3468.15,3386.75,3409.8,1627768
2019-05-29T00:00:00+0530,3403,3433,3384.5,3409.25,921278
2019-05-30T00:00:00+0530,3408.9,3489.7,3400.05,3481.65,1175111
2019-05-31T00:00:00+0530,3497.45,3531,3448.7,3467.1,2172866
2019-06-03T00:00:00+0530,3460,3529.9,3460,3511.05,1241133
2019-06-04T00:00:00+0530,3514.5,3550,3509.55,3531.15,1051400
2019-06-06T00:00:00+0530,3533,3533,3445.45,3452.95,1314916
2019-06-07T00:00:00+0530,3453.15,3519,3419.95,3509.45,1285044
2019-06-10T00:00:00+0530,3546.95,3557.75,3506,3519.6,983274
2019-06-11T00:00:00+0530,3537,3564,3511.25,3551.85,903155
2019-06-12T00:00:00+0530,3539.95,3539.95,3482,3505.85,1214470
2019-06-13T00:00:00+0530,3505,3551,3500,3544.5,880318
2019-06-14T00:00:00+0530,3553.95,3569.8,3501,3518.4,864641
2019-06-17T00:00:00+0530,3529,3529.8,3456,3466.5,953460
2019-06-18T00:00:00+0530,3474,3530,3469.05,3509.3,1083527
2019-06-19T00:00:00+0530,3539,3548,3500.1,3525.5,873941
2019-06-20T00:00:00+0530,3519,3589,3507.4,3582.55,1107005
2019-06-21T00:00:00+0530,3597.1,3599,3550,3565.85,1058266
2019-06-24T00:00:00+0530,3562,3579.9,3533.05,3545.35,543703
2019-06-25T00:00:00+0530,3545.35,3586,3530.35,3579.85,827869
2019-06-26T00:00:00+0530,3569.85,3635,3563,3627.95,978806
2019-06-27T00:00:00+0530,3635,3659,3620.1,3642.2,1135142
2019-06-28T00:00:00+0530,3652.45,3693.25,3629.7,3681.1,1200036
2019-07-01T00:00:00+0530,3688.7,3716,3685,3699,913884
2019-07-02T00:00:00+0530,3699,3720,3670.05,3711.1,706478
2019-07-03T00:00:00+0530,3714,3730.3,3695,3715.4,605040
2019-07-04T00:00:00+0530,3730,3749.9,3705.15,3732.5,743616
2019-07-05T00:00:00+0530,3734,3762,3706.45,3719.15,776280
2019-07-08T00:00:00+0530,3724.95,3724.95,3375,3413.3,3857132
2019-07-09T00:00:00+0530,3410,3625,3336.4,3603.1,5196125
2019-07-10T00:00:00+0530,3599.95,3599.95,3412,3429.05,2909584
2019-07-11T00:00:00+0530,3460,3525.65,3366.55,3451.05,2712241
2019-07-12T00:00:00+0530,3470,3470,3366,3377.5,2696678
2019-07-15T00:00:00+0530,3398.5,3440,3353.6,3412.1,1618073
2019-07-16T00:00:00+0530,3433.4,3464.9,3406.05,3448.7,1685856
2019-07-17T00:00:00+0530,3440,3481.75,3440,3463.3,915547
2019-07-18T00:00:00+0530,3460,3520,3444,3467.65,1320464
2019-07-19T00:00:00+0530,3476,3501.25,3263.1,3323.1,3033909
2019-07-22T00:00:00+0530,3316,3316,3164.65,3246.6,3692023
2019-07-23T00:00:00+0530,3257,3297.35,3208.15,3276.9,2223691
2019-07-24T00:00:00+0530,3274.1,3294,3135,3173.55,2767989
2019-07-25T00:00:00+0530,3198.9,3243.4,2996.2,3046.5,10290577
2019-07-26T00:00:00+0530,3046.5,3278,2994,3264.6,6945080
2019-07-29T00:00:00+0530,3272.75,3300,3180,3252.65,3478473
2019-07-30T00:00:00+0530,3260,3299,3231.3,3249.95,2284905
2019-07-31T00:00:00+0530,3233.05,3267.65,3160.1,3252.05,2438130
2019-08-01T00:00:00+0530,3231,3261,3174,3222.1,1892516
2019-08-02T00:00:00+0530,3189,3287.55,3120,3237.9,3356019
2019-08-05T00:00:00+0530,3199.8,3199.8,3143,3160.05,2013371
2019-08-06T00:00:00+0530,3160.05,3287,3153.15,3272.25,2005139
2019-08-07T00:00:00+0530,3275,3325,3252.3,3265.8,2398910
2019-08-08T00:00:00+0530,3290,3360,3261,3334.7,1587742
2019-08-09T00:00:00+0530,3359.95,3449.6,3340,3419.7,2101757
2019-08-13T00:00:00+0530,3419.7,3424,3208.05,3221.85,1900694
2019-08-14T00:00:00+0530,3269.95,3329.9,3245,3289.95,2770237
2019-08-16T00:00:00+0530,3280.6,3358.9,3253.35,3337.2,1758154
2019-08-19T00:00:00+0530,3364.9,3379,3311,3328.05,1432842
2019-08-20T00:00:00+0530,3327,3334.4,3235.25,3294.1,1688717
2019-08-21T00:00:00+0530,3289.9,3321.95,3246.2,3261.45,1552801
2019-08-22T00:00:00+0530,3259,3259,3098.45,3114.1,2506194
2019-08-23T00:00:00+0530,3118,3200,2998,3174.35,3143787
2019-08-26T00:00:00+0530,3274,3338.8,3183.05,3324.25,2950017
2019-08-27T00:00:00+0530,3352,3398,3340.1,3357.75,2225937
2019-08-28T00:00:00+0530,3348.8,3362.65,3296.75,3326.35,1250915
2019-08-29T00:00:00+0530,3323.7,3330,3276,3299.3,1529926
2019-08-30T00:00:00+0530,3310.15,3347,3260,3332.5,2118953
2019-09-03T00:00:00+0530,3303,3315,3234.2,3258.5,1199726
2019-09-04T00:00:00+0530,3267,3274.35,3208,3250.25,1879349
2019-09-05T00:00:00+0530,3286,3305,3242.8,3292.7,1501226
2019-09-06T00:00:00+0530,3330,3388,3298,3373,1700894
2019-09-09T00:00:00+0530,3374,3450,3352.15,3437.35,1802551
2019-09-11T00:00:00+0530,3445.35,3456,3385.3,3416.4,1301112
2019-09-12T00:00:00+0530,3402.5,3429,3370.6,3382.35,1164086
2019-09-13T00:00:00+0530,3389,3436,3372.5,3427.35,1328363
2019-09-16T00:00:00+0530,3395,3449.95,3382.3,3418.85,1179767
2019-09-17T00:00:00+0530,3424.95,3434,3354,3368.4,1361872
2019-09-18T00:00:00+0530,3407,3464.5,3388.5,3413.85,1853668
2019-09-19T00:00:00+0530,3426,3426.4,3340.3,3362.05,1237692
2019-09-20T00:00:00+0530,3385.3,3750,3282.65,3702.2,5648086
2019-09-23T00:00:00+0530,3820,4070,3763.9,4023.75,4011002
2019-09-24T00:00:00+0530,4025,4025,3927,3961.75,2189604
2019-09-25T00:00:00+0530,3960,3998.9,3890,3930.9,2414729
2019-09-26T00:00:00+0530,3955,4015,3945.1,4000.8,2388165
2019-09-27T00:00:00+0530,4006,4085,3990,4057.4,2024478
2019-09-30T00:00:00+0530,4065.9,4111.75,4031,4046.05,2256361
2019-10-01T00:00:00+0530,4080,4089.1,3946.3,3992.4,1615506
2019-10-03T00:00:00+0530,3985,4004.95,3931.85,3959.8,1245840
2019-10-04T00:00:00+0530,3979,4004,3892.3,3903.95,1478266
2019-10-07T00:00:00+0530,3880,3958.25,3819.45,3900.9,1406152
2019-10-09T00:00:00+0530,3915,4035,3880.05,4023.9,1356600
2019-10-10T00:00:00+0530,4013.65,4015,3931,3948.9,1102788
2019-10-11T00:00:00+0530,3979,4015,3925,3973.2,1623866
2019-10-14T00:00:00+0530,3988,4006.3,3853.05,3883.3,1768352
2019-10-15T00:00:00+0530,3895,3916,3843,3879.45,1394894
2019-10-16T00:00:00+0530,3910,4032,3900,4016.4,2381769
2019-10-17T00:00:00+0530,4020.05,4117.2,4001,4106.8,2103593
2019-10-18T00:00:00+0530,4100,4199,4080,4137.65,1836213
2019-10-22T00:00:00+0530,4165,4219.85,4000.1,4034.15,5034755
2019-10-23T00:00:00+0530,4089.95,4110,3968,4038.35,2442249
2019-10-24T00:00:00+0530,4062,4080,4012.55,4026.15,1267557
2019-10-25T00:00:00+0530,4037.8,4063.85,3900,3987.25,1758098
2019-10-27T00:00:00+0530,4015,4015,3955,3978.9,214742
2019-10-29T00:00:00+0530,3990,4060,3962.45,4047.25,1335515
2019-10-30T00:00:00+0530,4074.95,4074.95,3985,3992,1338554
2019-10-31T00:00:00+0530,4004.2,4050,3995,4027.55,1251220
2019-11-01T00:00:00+0530,4029,4110,4021,4069.85,1875612
2019-11-04T00:00:00+0530,4087,4177.5,4076.15,4113,1863158
2019-11-05T00:00:00+0530,4172,4255,4135,4227.8,2934652
2019-11-06T00:00:00+0530,4260,4280,4176.65,4188.15,2076695
2019-11-07T00:00:00+0530,4204.7,4239.2,4188.2,4225.85,1141603
2019-11-08T00:00:00+0530,4220,4240,4148,4159.45,1509693
2019-11-11T00:00:00+0530,4160,4188,4142.9,4169.05,769302
2019-11-13T00:00:00+0530,4166.9,4175,4132,4144.55,899015
2019-11-14T00:00:00+0530,4158,4221,4120.4,4210.55,1383629
2019-11-15T00:00:00+0530,4220.2,4247.25,4175.55,4187.6,1193171
2019-11-18T00:00:00+0530,4199,4209.55,4145.15,4154.9,927364
2019-11-19T00:00:00+0530,4165,4182.15,4126.25,4135.75,829535
2019-11-20T00:00:00+0530,4140,4182,4127.4,4138.55,813879
2019-11-21T00:00:00+0530,4140,4160,4112,4123.65,702853
2019-11-22T00:00:00+0530,4130,4143.8,4041,4078.3,1222615
2019-11-25T00:00:00+0530,4100,4149.15,4062.3,4141.7,1389304
2019-11-26T00:00:00+0530,4145,4173.95,4087,4098.35,1502727
2019-11-27T00:00:00+0530,4121,4124.9,4095,4118.35,485064
2019-11-28T00:00:00+0530,4120,4139.05,4065,4102.05,969708
2019-11-29T00:00:00+0530,4095,4135,4062.35,4074.2,831983
2019-12-02T00:00:00+0530,4075,4077.35,3920.1,3950.45,2065404
2019-12-03T00:00:00+0530,3939.95,3995,3886.5,3964.55,1984382
2019-12-04T00:00:00+0530,3958,4004.1,3935,3990.85,1430830
2019-12-05T00:00:00+0530,3990.85,4034,3968,3990.85,1255304
2019-12-06T00:00:00+0530,4010,4027.8,3927.4,3951.65,1171355
2019-12-09T00:00:00+0530,3969.6,3971.45,3880.25,3944.85,1268942
2019-12-10T00:00:00+0530,3950,3995,3945.5,3986.85,1159480
2019-12-11T00:00:00+0530,4001.5,4055,3984.05,4036.8,1365981
2019-12-12T00:00:00+0530,4050,4065,4010.05,4057.15,1087056
2019-12-13T00:00:00+0530,4070,4089.25,4041.1,4071.95,861656
2019-12-16T00:00:00+0530,4087.95,4087.95,4031.55,4039.45,826069
2019-12-17T00:00:00+0530,4056.95,4155,4046.95,4135.75,1379484
2019-12-18T00:00:00+0530,4140.45,4158.85,4101.05,4119.35,1109775
2019-12-19T00:00:00+0530,4113.05,4145,4085.3,4091.85,736104
2019-12-20T00:00:00+0530,4107,4145,4081,4135.6,1054234
2019-12-23T00:00:00+0530,4138.6,4184,4130,4160,1137879
2019-12-24T00:00:00+0530,4158,4180.7,4125.65,4139.5,751979
2019-12-26T00:00:00+0530,4149.95,4196.45,4133.25,4187.1,1265020
2019-12-27T00:00:00+0530,4198,4260,4192,4252.65,1126648
2019-12-30T00:00:00+0530,4274.85,4281.55,4230,4243.3,831910
2019-12-31T00:00:00+0530,4247,4266.4,4218.6,4234.75,779608
2020-01-01T00:00:00+0530,4237.8,4252,4221,4231.3,407042
2020-01-02T00:00:00+0530,4240,4295.75,4235,4246.05,863844
2020-01-03T00:00:00+0530,4220,4234.8,4173,4193.45,1176850
2020-01-06T00:00:00+0530,4164,4204,3983.8,3996.7,2866735
2020-01-07T00:00:00+0530,4055,4092,3996.2,4007.65,2149042
2020-01-08T00:00:00+0530,3950,4060.35,3950,4049.95,1630576
2020-01-09T00:00:00+0530,4105.9,4148,4080,4124.2,1419388
2020-01-10T00:00:00+0530,4130.1,4185.9,4118,4144.85,1106624
2020-01-13T00:00:00+0530,4168,4182.25,4146,4164.5,645152
2020-01-14T00:00:00+0530,4170,4202.4,4150.45,4193,703434
2020-01-15T00:00:00+0530,4189.95,4220,4170.05,4207.25,616976
2020-01-16T00:00:00+0530,4190,4229.95,4188,4220.25,578728
2020-01-17T00:00:00+0530,4217,4242,4202,4231.75,671129
2020-01-20T00:00:00+0530,4229,4252.95,4125.15,4152.6,848639
2020-01-21T00:00:00+0530,4149.95,4186.1,4117.05,4138.6,897922
2020-01-22T00:00:00+0530,4186,4186.5,4123.35,4142.2,797901
2020-01-23T00:00:00+0530,4123,4163.85,4085,4125.8,1154522
2020-01-24T00:00:00+0530,4120,4205.65,4111,4194.5,864892
2020-01-27T00:00:00+0530,4174,4208,4154,4164.35,782155
2020-01-28T00:00:00+0530,4150.15,4249,4150.15,4213,1052764
2020-01-29T00:00:00+0530,4244.9,4444,4215.1,4419,4581413
2020-01-30T00:00:00+0530,4464,4485,4344.85,4364.3,3577774
2020-01-31T00:00:00+0530,4370,4420.1,4333.8,4365.9,1736927
2020-02-01T00:00:00+0530,4350,4447.5,4203.3,4276.05,2152563
2020-02-03T00:00:00+0530,4250.2,4376.9,4250.2,4359.35,1094181
2020-02-04T00:00:00+0530,4387.95,4550,4377.15,4519.25,1958323
2020-02-05T00:00:00+0530,4515,4539.95,4477.65,4528.2,1285631
2020-02-06T00:00:00+0530,4528.2,4677.85,4525,4666.35,1846477
2020-02-07T00:00:00+0530,4663.95,4686.9,4626.1,4654.3,950326
2020-02-10T00:00:00+0530,4660,4734,4640,4721.75,1160879
2020-02-11T00:00:00+0530,4737,4785,4736,4749.35,1167429
2020-02-12T00:00:00+0530,4770,4782.2,4722,4768.7,882964
2020-02-13T00:00:00+0530,4766,4800.6,4735,4795.35,681039
2020-02-14T00:00:00+0530,4800,4815,4768,4781.75,731118
2020-02-17T00:00:00+0530,4781.75,4798,4750.05,4776.65,716484
2020-02-18T00:00:00+0530,4769.4,4771.95,4701.6,4758,728611
2020-02-19T00:00:00+0530,4785,4887,4780.1,4878.05,1172049
2020-02-20T00:00:00+0530,4867.9,4923.4,4853.75,4880.45,1634643
2020-02-24T00:00:00+0530,4840,4876,4751.2,4803.95,1263389
2020-02-25T00:00:00+0530,4849.9,4849.9,4784,4825.95,959309
2020-02-26T00:00:00+0530,4815,4837.75,4767.25,4810,851346
2020-02-27T00:00:00+0530,4815,4815,4712.1,4759.8,1174870
2020-02-28T00:00:00+0530,4640,4640,4311.75,4465.85,4941410
2020-03-02T00:00:00+0530,4600,4617.95,4305.65,4360.75,2238216
2020-03-03T00:00:00+0530,4400,4474.95,4320.05,4454.1,2023503
2020-03-04T00:00:00+0530,4466,4496.8,4225,4286.4,2472991
2020-03-05T00:00:00+0530,4310,4367.55,4273.15,4330.7,1833295
2020-03-06T00:00:00+0530,4125,4238,4036.5,4225.85,3312238
2020-03-09T00:00:00+0530,4070,4127.5,3945.15,4026.8,3545633
2020-03-11T00:00:00+0530,4014,4118.9,3985,4030.65,2793788
2020-03-12T00:00:00+0530,3860,3869.95,3628.1,3734.35,5272622
2020-03-13T00:00:00+0530,3440,4043.5,3281.05,3952.55,4849922
2020-03-16T00:00:00+0530,3833.45,3833.45,3600,3672.25,3140526
2020-03-17T00:00:00+0530,3702.1,3734.7,3402,3444.85,2558616
2020-03-18T00:00:00+0530,3490,3530,3018.9,3061.35,5443764
2020-03-19T00:00:00+0530,2800,3053.05,2484.7,2746.1,8324859
2020-03-20T00:00:00+0530,2799.85,3044,2621.65,2951.9,6110309
2020-03-23T00:00:00+0530,2656.75,2700,2225,2266.15,4844366
2020-03-24T00:00:00+0530,2472,2568.65,2104.65,2474.2,6257226
2020-03-25T00:00:00+0530,2450,2700,2400,2585.6,6226366
2020-03-26T00:00:00+0530,2637.3,2936.5,2565.05,2793.7,5096124
2020-03-27T00:00:00+0530,2955,3040,2500,2542.3,7170719
2020-03-30T00:00:00+0530,2390.05,2414.4,2226,2242.1,7698376
2020-03-31T00:00:00+0530,2305.1,2340,2100,2215.8,11043174
2020-04-01T00:00:00+0530,2180,2286.9,2132.65,2219.35,6408401
2020-04-03T00:00:00+0530,2268.8,2343.7,2183.05,2207.5,6172683
2020-04-07T00:00:00+0530,2245,2286,2081.5,2253.35,11163774
2020-04-08T00:00:00+0530,2184,2374,2144.15,2332.9,9109346
2020-04-09T00:00:00+0530,2391,2566.15,2367.1,2551.85,7193807
2020-04-13T00:00:00+0530,2520,2520,2265.95,2287.3,8183271
2020-04-15T00:00:00+0530,2345,2368,2168.4,2182.45,9333672
2020-04-16T00:00:00+0530,2145,2250,2122,2220,7246740
2020-04-17T00:00:00+0530,2355,2375.9,2235.2,2308.15,10191558
2020-04-20T00:00:00+0530,2325,2345.5,2265,2308.25,5403325
2020-04-21T00:00:00+0530,2210,2210,2085,2099.75,7384077
2020-04-22T00:00:00+0530,2059.95,2170,2022.35,2148.25,9062724
2020-04-23T00:00:00+0530,2160,2219.1,2112,2172.45,7144627
2020-04-24T00:00:00+0530,2113.5,2113.5,1970.05,1976.25,10494521
2020-04-27T00:00:00+0530,2000,2085,1915.65,2044.05,14495302
2020-04-28T00:00:00+0530,2081,2244.1,2035,2228.1,14756379
2020-04-29T00:00:00+0530,2200.05,2375,2200.05,2296.45,15060598
2020-04-30T00:00:00+0530,2365.05,2418.95,2291.15,2318.1,8884225
2020-05-04T00:00:00+0530,2200,2202.2,2028.55,2079.65,7312754
2020-05-05T00:00:00+0530,2130,2135,1997,2002.35,11521295
2020-05-06T00:00:00+0530,2010,2131.9,1952.35,2106.25,13149700
2020-05-07T00:00:00+0530,2098.95,2169.85,2048.35,2060.55,7770204
2020-05-08T00:00:00+0530,2130,2130,2015,2024.15,6966405
2020-05-11T00:00:00+0530,2070,2092.7,1995.3,2015.05,7655033
2020-05-12T00:00:00+0530,1989.7,2080,1977.1,2069.7,10336528
2020-05-13T00:00:00+0530,2220,2239.95,2145,2161.05,9441305
2020-05-14T00:00:00+0530,2159,2258.95,2096.8,2112,14307614
2020-05-15T00:00:00+0530,2119.95,2136.6,2056,2086.45,8026847
2020-05-18T00:00:00+0530,2090,2093.45,1926,1938.6,10820656
2020-05-19T00:00:00+0530,1960,2003.55,1922.2,1964.95,9413722
2020-05-20T00:00:00+0530,1970,2060,1935,2042.8,16318576
2020-05-21T00:00:00+0530,2059,2077.55,1974.5,1990.2,9880430
2020-05-22T00:00:00+0530,1975,2007,1865.25,1895.3,16195152
2020-05-26T00:00:00+0530,1918,1933.75,1821.55,1829,9869545
2020-05-27T00:00:00+0530,1830,1946,1783,1936.45,17335783
2020-05-28T00:00:00+0530,1954,1983,1927,1947.7,9051786
2020-05-29T00:00:00+0530,1914,1980,1891,1953.65,10362057
2020-06-01T00:00:00+0530,1997.05,2226.4,1997.05,2160.85,18916613
2020-06-02T00:00:00+0530,2165.25,2375,2160.85,2346.2,23442768
2020-06-03T00:00:00+0530,2417,2496.85,2398,2411.9,18705500
2020-06-04T00:00:00+0530,2414,2453.65,2276.8,2313.05,16315382
2020-06-05T00:00:00+0530,2344,2409,2275,2390.35,15850081
2020-06-08T00:00:00+0530,2505,2547.7,2475.55,2507.25,14992618
2020-06-09T00:00:00+0530,2535,2535,2415.3,2443.6,12373212
2020-06-10T00:00:00+0530,2440,2470,2401,2435.65,8961543
2020-06-11T00:00:00+0530,2410,2459,2320.1,2338.9,10042834
2020-06-12T00:00:00+0530,2200,2470,2199,2450.15,16802757
2020-06-15T00:00:00+0530,2420,2429.95,2331,2351.4,12070372
2020-06-16T00:00:00+0530,2452,2455.4,2285,2365,12914388
2020-06-17T00:00:00+0530,2347,2425,2332.05,2396,9650300
2020-06-18T00:00:00+0530,2375,2541.7,2373,2525.95,12738830
2020-06-19T00:00:00+0530,2562,2714.55,2560,2698.6,18604004
2020-06-22T00:00:00+0530,2740,2863.6,2728,2840.3,13939367
2020-06-23T00:00:00+0530,2899.95,3109.25,2833,3025.5,16187020
2020-06-24T00:00:00+0530,3125,3125,2911,2934.45,20110277
2020-06-25T00:00:00+0530,2878.05,3046,2851,3005.35,15982155
2020-06-26T00:00:00+0530,3042.5,3058.8,2872.05,2903.5,12573521
2020-06-29T00:00:00+0530,2834,2894.45,2770,2857.95,11614003
2020-06-30T00:00:00+0530,2910,2936.65,2816,2831,9703086
2020-07-01T00:00:00+0530,2831,2968.7,2806,2953.9,12705275
2020-07-02T00:00:00+0530,2980,3016,2925,2964.25,11619767
2020-07-03T00:00:00+0530,2980,2989.45,2921,2931.5,8543799
2020-07-06T00:00:00+0530,2970,3134.65,2955,3108.8,11437602
2020-07-07T00:00:00+0530,3150,3419.65,3125.3,3351.95,22876465
2020-07-08T00:00:00+0530,3351.95,3408.8,3180.1,3208.05,19126508
2020-07-09T00:00:00+0530,3235,3379.9,3195.1,3330,18758148
2020-07-10T00:00:00+0530,3275,3395,3272.05,3314.15,16150425
2020-07-13T00:00:00+0530,3360,3378,3216.2,3234.6,13136482
2020-07-14T00:00:00+0530,3219.8,3219.8,3122.35,3190.95,12404466
2020-07-15T00:00:00+0530,3230,3297.7,3122.25,3149.25,10980342
2020-07-16T00:00:00+0530,3180,3215,3102.3,3204.8,9999964
2020-07-17T00:00:00+0530,3210,3323,3205,3301.3,8425645
2020-07-20T00:00:00+0530,3344.95,3453.95,3316.5,3441.5,10556334
2020-07-21T00:00:00+0530,3500,3519.5,3218.65,3292.45,25960105
2020-07-22T00:00:00+0530,3320,3340,3193.6,3253,17070171
2020-07-23T00:00:00+0530,3253,3320,3216.05,3297.8,8718708
2020-07-24T00:00:00+0530,3245,3290,3220,3251.85,6637888
2020-07-27T00:00:00+0530,3263,3280,3152.2,3171.15,7089907
2020-07-28T00:00:00+0530,3175,3260,3161.2,3239.6,8211858
2020-07-29T00:00:00+0530,3245,3329,3239.6,3284.25,8070284
2020-07-30T00:00:00+0530,3295.4,3324,3205.05,3218.3,6508389
2020-07-31T00:00:00+0530,3236,3273,3181.25,3251.3,7235401
2020-08-03T00:00:00+0530,3244,3244,3169,3174.5,4464171
2020-08-04T00:00:00+0530,3202,3260,3142.85,3235.6,6679173
2020-08-05T00:00:00+0530,3256,3330,3247.95,3262.15,6985383
2020-08-06T00:00:00+0530,3292,3378.8,3255,3345.2,8172921
2020-08-07T00:00:00+0530,3333,3481.45,3310,3464.3,10151345
2020-08-10T00:00:00+0530,3494,3556.85,3413.2,3442.95,7129352
2020-08-11T00:00:00+0530,3462.3,3494.55,3404.7,3457.4,5571895
2020-08-12T00:00:00+0530,3425,3450,3362,3418.25,5662542
2020-08-13T00:00:00+0530,3450,3472,3401,3419.65,4663383
2020-08-14T00:00:00+0530,3425,3448.8,3306.2,3331.1,5532004
2020-08-17T00:00:00+0530,3350,3399.5,3312.4,3384.8,4670621
2020-08-18T00:00:00+0530,3399,3437.95,3366.6,3419.9,4706306
2020-08-19T00:00:00+0530,3447,3465,3401,3409.95,4199099
2020-08-20T00:00:00+0530,3378,3414.5,3353.05,3393.8,3677466
2020-08-21T00:00:00+0530,3430,3440,3380,3389.3,2627381
2020-08-24T00:00:00+0530,3403,3515,3401.05,3492.05,6205576
2020-08-25T00:00:00+0530,3525,3660,3510,3642.9,9854070
2020-08-26T00:00:00+0530,3665,3707,3631,3645.55,6665336
2020-08-27T00:00:00+0530,3656.95,3668.4,3596.4,3632.5,4611132
2020-08-28T00:00:00+0530,3650,3688,3617.05,3670.8,4251575
2020-08-31T00:00:00+0530,3715,3749.85,3465,3487.8,8529788
2020-09-01T00:00:00+0530,3517,3674,3500.2,3643.85,6065233
2020-09-02T00:00:00+0530,3642.7,3680,3573.45,3668.65,4281052
2020-09-03T00:00:00+0530,3668,3676.75,3605,3619.7,3221369
2020-09-04T00:00:00+0530,3541.5,3649.8,3520.75,3596.8,4914709
2020-09-07T00:00:00+0530,3607,3629,3477.6,3505.15,4665183
2020-09-08T00:00:00+0530,3520,3574.9,3475,3500,4448718
2020-09-09T00:00:00+0530,3477,3493.45,3392.45,3422.85,4563247
2020-09-10T00:00:00+0530,3456.5,3523.45,3418,3498.7,4762302
2020-09-11T00:00:00+0530,3490,3557.7,3456.7,3544.4,4608384
2020-09-14T00:00:00+0530,3557,3575.05,3420,3440.7,4531611
2020-09-15T00:00:00+0530,3475,3524.2,3455,3513.4,3893649
2020-09-16T00:00:00+0530,3517.95,3567.4,3481.65,3521.5,3907721
2020-09-17T00:00:00+0530,3488.8,3517,3456.2,3471.95,2781196
2020-09-18T00:00:00+0530,3491.4,3503.8,3429,3474.8,3769116
2020-09-21T00:00:00+0530,3462.8,3467,3314.25,3330.15,3627585
2020-09-22T00:00:00+0530,3329,3353.8,3217.05,3303,4224977
2020-09-23T00:00:00+0530,3330,3344,3200.2,3243.85,4244428
2020-09-24T00:00:00+0530,3191,3194.75,3006.9,3028.9,5963849
2020-09-25T00:00:00+0530,3080,3167.15,3028.8,3138.95,6232618
2020-09-28T00:00:00+0530,3178,3350,3162.75,3335.15,5588695
2020-09-29T00:00:00+0530,3358,3372,3254.5,3294.75,4643491
2020-09-30T00:00:00+0530,3293.9,3343.85,3260,3278.6,3603553
2020-10-01T00:00:00+0530,3325,3460,3315.05,3442.8,5382106
2020-10-05T00:00:00+0530,3465,3519,3370.25,3382.9,4207264
2020-10-06T00:00:00+0530,3439.9,3480,3391.2,3474.3,4758841
2020-10-07T00:00:00+0530,3400,3400,3285.3,3331.15,6571280
2020-10-08T00:00:00+0530,3354,3388,3302,3326.45,4461846
2020-10-09T00:00:00+0530,3324.9,3418.45,3305,3317.9,5684150
2020-10-12T00:00:00+0530,3350,3379.4,3305,3327.2,3204677
2020-10-13T00:00:00+0530,3319.95,3340,3243.65,3272.6,3777675
2020-10-14T00:00:00+0530,3268,3382.35,3232.7,3372.05,5304447
2020-10-15T00:00:00+0530,3368.2,3370,3201,3214.75,5268171
2020-10-16T00:00:00+0530,3236.35,3269.45,3170.1,3231.35,5076251
2020-10-19T00:00:00+0530,3255.1,3294.7,3196.6,3267.2,4206802
2020-10-20T00:00:00+0530,3255,3289.5,3226.8,3262.15,3252493
2020-10-21T00:00:00+0530,3270,3295,3101.35,3232.85,7536460
2020-10-22T00:00:00+0530,3160,3345,3150,3314.45,7085782
2020-10-23T00:00:00+0530,3331.4,3356.8,3303,3316.9,3204780
2020-10-26T00:00:00+0530,3330,3330,3236.65,3293.9,3546292
2020-10-27T00:00:00+0530,3326,3465,3278,3453.25,6020950
2020-10-28T00:00:00+0530,3448.95,3489.9,3347.9,3370.8,4649120
2020-10-29T00:00:00+0530,3367.8,3432,3333.75,3380.05,3780452
2020-10-30T00:00:00+0530,3364.95,3391,3252.85,3309,4287635
2020-11-02T00:00:00+0530,3325.55,3447.4,3274.65,3419.8,4288551
2020-11-03T00:00:00+0530,3430,3520,3415.85,3490.8,4446045
2020-11-04T00:00:00+0530,3469,3569.95,3462,3561.45,4371143
2020-11-05T00:00:00+0530,3610,3750,3587.65,3736.9,6332141
2020-11-06T00:00:00+0530,3734.1,3827.3,3704.1,3780.75,5744050
2020-11-09T00:00:00+0530,3810,3878.7,3786.05,3865,4149898
2020-11-10T00:00:00+0530,3898.95,4243.95,3882.8,4208.55,11421448
2020-11-11T00:00:00+0530,4211,4429.55,4133.95,4268.8,13896654
2020-11-12T00:00:00+0530,4260,4325,4200.05,4298.3,5590038
2020-11-13T00:00:00+0530,4260,4410,4250,4376.05,6088459
2020-11-14T00:00:00+0530,4400,4435,4340,4374.8,789479
2020-11-17T00:00:00+0530,4398.7,4503.95,4345,4488,5851523
2020-11-18T00:00:00+0530,4475,4678,4464,4653.75,7513019
2020-11-19T00:00:00+0530,4628.9,4785,4512.55,4536.55,8351005
2020-11-20T00:00:00+0530,4571.95,4762.15,4515.25,4715.85,8736410
2020-11-23T00:00:00+0530,4769,4869.3,4733.55,4811.45,7325039
2020-11-24T00:00:00+0530,4835,4862,4770,4810.65,4297385
2020-11-25T00:00:00+0530,4822,4825,4675,4689.75,4763321
2020-11-26T00:00:00+0530,4655,4854,4640,4821.25,6273208
2020-11-27T00:00:00+0530,4859,4960,4785.15,4908.8,12364707
2020-12-01T00:00:00+0530,4951.2,4952.4,4825.25,4861.1,4017427
2020-12-02T00:00:00+0530,4864,4884,4785,4823.9,3654970
2020-12-03T00:00:00+0530,4865,4890,4817,4867.45,2876844
2020-12-04T00:00:00+0530,4870,4958,4815,4875.35,3679378
2020-12-07T00:00:00+0530,4870,4924.95,4815,4829.45,3115124
2020-12-08T00:00:00+0530,4850,4865,4775,4792.15,2971076
2020-12-09T00:00:00+0530,4820,4852.85,4791.2,4844.15,1965992
2020-12-10T00:00:00+0530,4850,4860,4785,4794.8,1925963
2020-12-11T00:00:00+0530,4805,4889,4805,4843.85,2670019
2020-12-14T00:00:00+0530,4857.5,4914.7,4848,4898.65,1786348
2020-12-15T00:00:00+0530,4889.95,5150,4868.85,5122.5,5936796
2020-12-16T00:00:00+0530,5199,5225,5120,5146.6,3269184
2020-12-17T00:00:00+0530,5139.85,5303.15,5101.6,5286.7,3733152
2020-12-18T00:00:00+0530,5250,5284.95,5165,5252.5,3255043
2020-12-21T00:00:00+0530,5228,5234.7,4905.2,5041.85,3551570
2020-12-22T00:00:00+0530,5070,5125,4826.35,5011.4,5473521
2020-12-23T00:00:00+0530,5000,5166,4970.35,5088.9,3431457
2020-12-24T00:00:00+0530,5138.95,5218.95,5106,5184.9,2625559
2020-12-28T00:00:00+0530,5184.9,5244.8,5175,5204.1,1932606
2020-12-29T00:00:00+0530,5225,5247,5167.5,5200.5,1969529
2020-12-30T00:00:00+0530,5200.5,5348,5174,5334.15,3864700
2020-12-31T00:00:00+0530,5335,5372.5,5272,5295.2,2869212
2021-01-01T00:00:00+0530,5310.2,5338,5250,5280.15,1447187
2021-01-04T00:00:00+0530,5324,5324,5196.2,5216.2,2333659
2021-01-05T00:00:00+0530,5218,5224.2,5062.5,5119,3953400
2021-01-06T00:00:00+0530,5130,5168.35,4990.3,5030.3,3607923
2021-01-07T00:00:00+0530,5065,5131.55,5021.3,5081,3035750
2021-01-08T00:00:00+0530,5130,5138.75,5042,5082,2998451
2021-01-11T00:00:00+0530,5108,5110.95,4958.25,4984.25,2924164
2021-01-12T00:00:00+0530,4984.25,5099,4951,5042.2,3335908
2021-01-13T00:00:00+0530,5066,5074,4826.25,4902.9,3269373
2021-01-14T00:00:00+0530,4902.9,4966.8,4834,4877.35,2680811
2021-01-15T00:00:00+0530,4877,4927,4842.4,4883.6,2544916
2021-01-18T00:00:00+0530,4870,4880,4686,4719.85,3703413
2021-01-19T00:00:00+0530,4765.1,4994.95,4752,4959.15,4767465
2021-01-20T00:00:00+0530,4968,5032.6,4901,4981.95,3314707
2021-01-21T00:00:00+0530,4993,5225,4990,5118.3,7061809
2021-01-22T00:00:00+0530,5135,5137,4945.6,4972.55,3084796
2021-01-25T00:00:00+0530,5049,5163,4890,4908.7,3673060
2021-01-27T00:00:00+0530,4921.3,4945.6,4811,4845,2800493
2021-01-28T00:00:00+0530,4779.55,4909,4723.1,4810.25,3477329
2021-01-29T00:00:00+0530,4886.7,4950,4707.1,4734.55,4260795
2021-02-01T00:00:00+0530,4775,5080,4666.5,5058.6,4290745
2021-02-02T00:00:00+0530,5100,5337.95,5094.9,5173.2,4347993
2021-02-03T00:00:00+0530,5218.6,5270,5140,5245.1,2650783
2021-02-04T00:00:00+0530,5214,5543,5206.05,5504.85,5325888
2021-02-05T00:00:00+0530,5526,5627,5470,5538.55,4437987
2021-02-08T00:00:00+0530,5542,5665,5475.3,5497.7,2800809
2021-02-09T00:00:00+0530,5537.5,5539,5382.6,5400.3,2263904
2021-02-10T00:00:00+0530,5434.7,5502.35,5395,5475.9,2638012
2021-02-11T00:00:00+0530,5470,5588,5455.75,5567.05,2028947
2021-02-12T00:00:00+0530,5570,5618,5532.05,5577.45,1625268
2021-02-15T00:00:00+0530,5605.35,5799,5600,5779.85,3168826
2021-02-16T00:00:00+0530,5791.4,5822.2,5690.3,5760.25,2126810
2021-02-17T00:00:00+0530,5730,5799,5670,5705.15,2346395
2021-02-18T00:00:00+0530,5699,5714.75,5522.2,5563.35,2317513
2021-02-19T00:00:00+0530,5560,5621.95,5425,5497.95,2744456
2021-02-22T00:00:00+0530,5480,5538.7,5334.75,5376.85,2000563
2021-02-23T00:00:00+0530,5420,5504.65,5350,5383.7,2190245
2021-02-24T00:00:00+0530,5444,5578.9,5383,5562.9,1908795
2021-02-25T00:00:00+0530,5601,5619.95,5511.35,5529.95,1584595
2021-02-26T00:00:00+0530,5430,5454,5221,5264.9,3713326
2021-03-01T00:00:00+0530,5315,5369.9,5195,5266.8,2031881
2021-03-02T00:00:00+0530,5300,5410,5262.05,5316.3,2208634
2021-03-03T00:00:00+0530,5364.15,5573.35,5340.1,5542.9,2252413
2021-03-04T00:00:00+0530,5430,5567.15,5401,5485.9,2234698
2021-03-05T00:00:00+0530,5440,5519.75,5402.1,5444.9,2075760
2021-03-08T00:00:00+0530,5469,5493.95,5311,5320.65,1721042
2021-03-09T00:00:00+0530,5371,5445,5335,5415.05,1811496
2021-03-10T00:00:00+0530,5440,5561,5440,5545.05,2191250
2021-03-12T00:00:00+0530,5600,5670,5521,5557.85,2508013
2021-03-15T00:00:00+0530,5571.05,5585.65,5350.55,5439.05,2087010
2021-03-16T00:00:00+0530,5488.45,5507,5420,5455.95,1561305
2021-03-17T00:00:00+0530,5460,5460.4,5344.45,5359.8,1134758
2021-03-18T00:00:00+0530,5423,5545,5305,5371.85,2339058
2021-03-19T00:00:00+0530,5316,5479,5190.05,5453.25,3220310
2021-03-22T00:00:00+0530,5446.5,5497,5337,5389.35,1938461
2021-03-23T00:00:00+0530,5410,5445,5350,5378.8,1849038
2021-03-24T00:00:00+0530,5374,5374,5260,5270.3,1737643
2021-03-25T00:00:00+0530,5280,5300,5103.15,5122.2,2343271
2021-03-26T00:00:00+0530,5170,5248,5135,5183.05,2347460
2021-03-30T00:00:00+0530,5234.85,5260,5150,5193.55,1845391
2021-03-31T00:00:00+0530,5185,5218.8,5122.95,5149.85,1845975
2021-04-01T00:00:00+0530,5210,5288.5,5161.95,5272.15,2148234
2021-04-05T00:00:00+0530,5259,5259,4920.6,4962.5,3739680
2021-04-06T00:00:00+0530,5050,5059.45,4952.6,4993.1,2070906
2021-04-07T00:00:00+0530,4980,5109,4940,5077.1,2402782
2021-04-08T00:00:00+0530,5100,5115,5015,5029.5,1407879
2021-04-09T00:00:00+0530,5000,5010,4845,4872.3,2902646
2021-04-12T00:00:00+0530,4740,4740,4400,4511,4500046
2021-04-13T00:00:00+0530,4535.1,4774.9,4514.05,4728.75,3175019
2021-04-15T00:00:00+0530,4708.1,4750,4566.1,4660.3,2897185
2021-04-16T00:00:00+0530,4661,4690,4590,4616.6,2142648
2021-04-19T00:00:00+0530,4450,4504,4362,4479.6,3426507
2021-04-20T00:00:00+0530,4563,4699,4555.2,4613.65,3394597
2021-04-22T00:00:00+0530,4550,4714,4505.75,4688.7,2563539
2021-04-23T00:00:00+0530,4621.1,4759.8,4610.5,4667.8,2729525
2021-04-26T00:00:00+0530,4690,4829,4690,4736.55,2903989
2021-04-27T00:00:00+0530,4747,4889.85,4746.55,4865.05,2644997
2021-04-28T00:00:00+0530,4915,5310,4915,5280.9,8576454
2021-04-29T00:00:00+0530,5350,5525,5330,5484.85,7258486
2021-04-30T00:00:00+0530,5350,5524.65,5327.7,5451.9,4124888
2021-05-03T00:00:00+0530,5316.3,5580,5291.25,5551.15,4033591
2021-05-04T00:00:00+0530,5610,5749.95,5560,5615.75,4838347
2021-05-05T00:00:00+0530,5683,5700,5452.4,5515.15,4378693
2021-05-06T00:00:00+0530,5568,5619.9,5473.35,5528.8,2223111
2021-05-07T00:00:00+0530,5590,5613.15,5458,5493.8,1851033
2021-05-10T00:00:00+0530,5575,5575,5445,5497.5,1997339
2021-05-11T00:00:00+0530,5411.25,5458.1,5390,5424.7,1617248
2021-05-12T00:00:00+0530,5413.1,5440,5329.4,5358.4,1539336
2021-05-14T00:00:00+0530,5405,5405,5267,5330.35,1525762
2021-05-17T00:00:00+0530,5350,5490,5315.05,5430.1,2411583
2021-05-18T00:00:00+0530,5501,5705,5501,5688.75,3147883
2021-05-19T00:00:00+0530,5674.95,5722.9,5595,5631.2,2250906
2021-05-20T00:00:00+0530,5628,5658,5545,5588.75,1488827
2021-05-21T00:00:00+0530,5660,5695,5586.3,5631.75,1856966
2021-05-24T00:00:00+0530,5634,5688,5590,5602.9,1215060
2021-05-25T00:00:00+0530,5640,5658.8,5582,5618.65,1315546
2021-05-26T00:00:00+0530,5640,5794.8,5586.1,5771.15,2916746
2021-05-27T00:00:00+0530,5779.95,5782.15,5651,5682.2,2152590
2021-05-28T00:00:00+0530,5724,5750,5592.1,5610.75,1526375
2021-05-31T00:00:00+0530,5620,5664.7,5560,5627.95,1795811
2021-06-01T00:00:00+0530,5644,5818,5625.4,5784.8,2853451
2021-06-02T00:00:00+0530,5756.5,5845,5742.55,5808.65,2013195
2021-06-03T00:00:00+0530,5840,5915,5780.15,5901.5,2230378
2021-06-04T00:00:00+0530,5915,6010,5900,5993.45,2445367
2021-06-07T00:00:00+0530,5800,5843.85,5682.45,5729.75,2835805
2021-06-08T00:00:00+0530,5751,5817,5720.15,5755.4,1789007
2021-06-09T00:00:00+0530,5795,5795,5627.3,5674.5,1538112
2021-06-10T00:00:00+0530,5715,6115,5677,6086.4,5296120
2021-06-11T00:00:00+0530,6105.35,6230,6045.2,6120,3702721
2021-06-14T00:00:00+0530,6069.7,6249,5975.6,6194.15,2633601
2021-06-15T00:00:00+0530,6219,6239.8,6150,6161.15,1523661
2021-06-16T00:00:00+0530,6140,6160.9,6062.8,6081.6,1481658
2021-06-17T00:00:00+0530,5920,6115,5920,6050.25,1871857
2021-06-18T00:00:00+0530,6089.9,6148,5965.05,6087.05,2709615
2021-06-21T00:00:00+0530,6000,6135,5987.1,6116,1271962
2021-06-22T00:00:00+0530,6150,6189,6000,6016.8,1540611
2021-06-23T00:00:00+0530,6051,6115,6001,6015.6,1238215
2021-06-24T00:00:00+0530,6027,6108,6011,6043.6,1082421
2021-06-25T00:00:00+0530,6057,6107,6030.2,6075.8,961994
2021-06-28T00:00:00+0530,6100,6117.7,6015,6037.05,828481
2021-06-29T00:00:00+0530,6040,6137.65,6002.1,6052.4,1310079
2021-06-30T00:00:00+0530,6050,6125,6000,6015.85,1225794
2021-07-01T00:00:00+0530,6040,6040,5940,5967.15,1120601
2021-07-02T00:00:00+0530,6000,6030,5965,5997.75,811298
2021-07-05T00:00:00+0530,6029,6095.95,6006.05,6072.7,863179
2021-07-06T00:00:00+0530,6055,6342.8,6053,6202.4,3491393
2021-07-07T00:00:00+0530,6220,6286,6160.4,6198.6,1947925
2021-07-08T00:00:00+0530,6180,6220.9,6080.4,6117.8,1130560
2021-07-09T00:00:00+0530,6083,6171,6061.05,6136.15,1447544
2021-07-12T00:00:00+0530,6175,6198.9,6103.6,6149.55,978740
2021-07-13T00:00:00+0530,6185,6225,6140,6154.3,1002127
2021-07-14T00:00:00+0530,6150,6182,6120,6133.9,776574
2021-07-15T00:00:00+0530,6133.9,6177.2,6102,6129.7,870990
2021-07-16T00:00:00+0530,6125,6190,6097.2,6125.45,963121
2021-07-19T00:00:00+0530,6088,6123,5935,6015.4,1290532
2021-07-20T00:00:00+0530,6020,6027.95,5868,5941.85,1401837
2021-07-22T00:00:00+0530,5930,6244,5921.15,6195.55,3488591
2021-07-23T00:00:00+0530,6189,6225,6140,6180.9,953739
2021-07-26T00:00:00+0530,6150,6198.3,6130,6162.45,733502
2021-07-27T00:00:00+0530,6180,6327,6175,6231.45,2068528
2021-07-28T00:00:00+0530,6257.9,6284,6157,6262,1149153
2021-07-29T00:00:00+0530,6289.95,6430,6264.05,6400.1,1484664
2021-07-30T00:00:00+0530,6416.85,6416.85,6212.2,6228.1,1406885
2021-08-02T00:00:00+0530,6270,6283.95,6170,6200.5,1012435
2021-08-03T00:00:00+0530,6215,6342,6206,6331.9,1091710
2021-08-04T00:00:00+0530,6343,6477.45,6315,6359.15,1632091
2021-08-05T00:00:00+0530,6354,6355.5,6232,6248.25,866567
2021-08-06T00:00:00+0530,6285,6299.5,6211,6224.3,729789
2021-08-09T00:00:00+0530,6225,6269.95,6136.05,6193.15,881179
2021-08-10T00:00:00+0530,6225,6248.45,6142.05,6170.1,731009
2021-08-11T00:00:00+0530,6176.1,6199.95,6057,6167.8,791929
2021-08-12T00:00:00+0530,6181,6254.9,6151.25,6199.5,794602
2021-08-13T00:00:00+0530,6210,6228.85,6131,6156.55,667932
2021-08-16T00:00:00+0530,6149,6395,6103.85,6377.15,1423335
2021-08-17T00:00:00+0530,6409.95,6436.85,6305,6410.1,1602776
2021-08-18T00:00:00+0530,6434,6640,6406.05,6544.1,2153730
2021-08-20T00:00:00+0530,6471.95,6732.7,6455.65,6661.1,2164732
2021-08-23T00:00:00+0530,6740,6819.5,6697,6752.2,1738340
2021-08-24T00:00:00+0530,6775,7049,6727.95,6980.1,2622990
2021-08-25T00:00:00+0530,7005,7054,6921,6944.95,1509667
2021-08-26T00:00:00+0530,6900,6993.25,6855,6931.95,1234588
2021-08-27T00:00:00+0530,6950,7024.35,6872,6966.6,935906
2021-08-30T00:00:00+0530,6995.95,7197,6980,7165.5,1504382
2021-08-31T00:00:00+0530,7160,7598.8,7130,7524.5,2946438
2021-09-01T00:00:00+0530,7525,7674.5,7483.35,7519.6,2227789
2021-09-02T00:00:00+0530,7500,7586.4,7445.05,7498.45,1183378
2021-09-03T00:00:00+0530,7500,7555,7461.75,7523.4,880247
2021-09-06T00:00:00+0530,7550,7615,7485.1,7506.35,897071
2021-09-07T00:00:00+0530,7528.9,7566.25,7407.2,7457.3,836013
2021-09-08T00:00:00+0530,7457,7514,7411.05,7463.2,859256
2021-09-09T00:00:00+0530,7430,7460,7380,7430.65,700436
2021-09-13T00:00:00+0530,7430.65,7495,7352,7445.55,802565
2021-09-14T00:00:00+0530,7480,7530,7408,7417.55,719258
2021-09-15T00:00:00+0530,7445,7480,7380,7414.15,657283
2021-09-16T00:00:00+0530,7445,7445,7330.5,7411.5,577129
2021-09-17T00:00:00+0530,7445.5,7679.95,7360,7428.8,3474969
2021-09-20T00:00:00+0530,7360,7581,7320.75,7442.45,1083806
2021-09-21T00:00:00+0530,7481.15,7847.1,7401,7813.85,1993133
2021-09-22T00:00:00+0530,7850,7895,7771,7793.65,1500541
2021-09-23T00:00:00+0530,7863.6,7999,7804.65,7899.05,2109147
2021-09-24T00:00:00+0530,7949.85,7949.85,7725.65,7793.4,1129346
2021-09-27T00:00:00+0530,7849,7860,7740.05,7795.45,650774
2021-09-28T00:00:00+0530,7815,7825,7425.05,7543.3,1572301
2021-09-29T00:00:00+0530,7529,7635.85,7456.15,7515.4,945879
2021-09-30T00:00:00+0530,7545,7700,7490.9,7668.1,1490707
2021-10-01T00:00:00+0530,7620,7639.2,7475,7522.75,937740
2021-10-04T00:00:00+0530,7588,7769,7560.15,7695.05,1090198
2021-10-05T00:00:00+0530,7683,7765,7634.1,7724.2,773243
2021-10-06T00:00:00+0530,7810,7880.6,7685,7735.15,1764631
2021-10-07T00:00:00+0530,7845.9,7885,7738,7747.9,940550
2021-10-08T00:00:00+0530,7750,7829,7712,7732.2,756571
2021-10-11T00:00:00+0530,7773.9,7904.4,7752,7817.1,908648
2021-10-12T00:00:00+0530,7810,7925,7750,7855.75,1099449
2021-10-13T00:00:00+0530,7907.9,8010,7861.3,7929.3,1052438
2021-10-14T00:00:00+0530,7969,7969,7812.35,7862.9,1134849
2021-10-18T00:00:00+0530,8050,8050,7800.8,7865.55,855098
2021-10-19T00:00:00+0530,7890,7914.7,7671,7739.3,1244989
2021-10-20T00:00:00+0530,7741,7833.55,7575,7761.35,1102899
2021-10-21T00:00:00+0530,7830,7830,7685,7737.3,639461
2021-10-22T00:00:00+0530,7756,7935,7665,7710.2,1517376
2021-10-25T00:00:00+0530,7750,7837.75,7350.5,7646.65,1169729
2021-10-26T00:00:00+0530,7695,7894.95,7651.1,7855.65,1660575
2021-10-27T00:00:00+0530,7870,7919.95,7461,7482.15,3112233
2021-10-28T00:00:00+0530,7540,7596,7353.4,7484.25,1572302
2021-10-29T00:00:00+0530,7480,7549.7,7313.05,7400.2,948334
2021-11-01T00:00:00+0530,7430,7500.2,7220,7413.95,1037314
2021-11-02T00:00:00+0530,7466.7,7555,7400.25,7455.35,687116
2021-11-03T00:00:00+0530,7486,7538.8,7451,7516.25,668704
2021-11-04T00:00:00+0530,7561,7569,7515,7525.1,94033
2021-11-08T00:00:00+0530,7543.9,7713.15,7486,7673.65,900301
2021-11-09T00:00:00+0530,7700,7754.4,7550,7577.5,800247
2021-11-10T00:00:00+0530,7545,7610,7505,7581.45,464989
2021-11-11T00:00:00+0530,7570.2,7600.95,7410,7452.7,634400
2021-11-12T00:00:00+0530,7500,7600.25,7453,7579.1,497128
2021-11-15T00:00:00+0530,7579,7627.45,7490,7534.25,402518
2021-11-16T00:00:00+0530,7525,7650,7500.75,7555.7,598049
2021-11-17T00:00:00+0530,7528,7692,7521.25,7607.65,645574
2021-11-18T00:00:00+0530,7620,7697.7,7440,7484.95,772539
2021-11-22T00:00:00+0530,7492,7514.5,6990.05,7058.3,1935243
2021-11-23T00:00:00+0530,7000,7178,6924.1,7114.3,1187589
2021-11-24T00:00:00+0530,7160,7319.8,7066,7177.3,1099380
2021-11-25T00:00:00+0530,7150,7205,7086.8,7125.8,615486
2021-11-26T00:00:00+0530,7021,7047.9,6775,6807.05,1689082
2021-11-29T00:00:00+0530,6767,6980,6678.3,6905.75,1491815
2021-11-30T00:00:00+0530,6910,7199.8,6849.25,6997.25,2195539
2021-12-01T00:00:00+0530,7032.2,7107.7,6951,7038.7,1136768
2021-12-02T00:00:00+0530,7090,7210,7022.4,7180.5,847704
2021-12-03T00:00:00+0530,7160,7233.8,7055,7069.25,816411
2021-12-06T00:00:00+0530,7069.25,7095.9,6938.1,6951.75,858253
2021-12-07T00:00:00+0530,7048,7170,6958,7103.15,1079608
2021-12-08T00:00:00+0530,7120,7386.35,7120,7361.5,1402691
2021-12-09T00:00:00+0530,7400,7468.1,7337,7440.3,1076950
2021-12-10T00:00:00+0530,7374,7467,7360,7452.5,679145
2021-12-13T00:00:00+0530,7470,7477,7199,7218.75,1298599
2021-12-14T00:00:00+0530,7180,7180,7035,7065.9,1276481
2021-12-15T00:00:00+0530,7072.5,7072.5,6831,6847.25,1817528
2021-12-16T00:00:00+0530,6945,7063.45,6932.9,7028.85,1768318
2021-12-17T00:00:00+0530,7000,7025,6865,6901.1,1680511
2021-12-20T00:00:00+0530,6850,6864.85,6492.6,6634.15,2226319
2021-12-21T00:00:00+0530,6725.15,6750,6540,6577.55,1375591
2021-12-22T00:00:00+0530,6635,6790.75,6623.8,6771.2,1267898
2021-12-23T00:00:00+0530,6840,6993.5,6838.25,6917.75,1339399
2021-12-24T00:00:00+0530,6984.9,6987.95,6757.6,6852,980774
2021-12-27T00:00:00+0530,6751,6908.8,6654.05,6890.75,912360
2021-12-28T00:00:00+0530,6980,6980,6861.75,6906.65,862464
2021-12-29T00:00:00+0530,6884.9,6949.95,6853.05,6911.65,532379
2021-12-30T00:00:00+0530,6899.9,6944.95,6856.9,6871.1,658992
2021-12-31T00:00:00+0530,6882,6999,6875.55,6977.3,769907
2022-01-03T00:00:00+0530,6975,7243.95,6975,7219.6,1269725
2022-01-04T00:00:00+0530,7250,7375,7235.5,7343,959173
2022-01-05T00:00:00+0530,7469.9,7691.15,7415,7670.8,2583262
2022-01-06T00:00:00+0530,7525,7779.35,7521,7748.25,1535986
2022-01-07T00:00:00+0530,7763.95,7785,7585,7659.35,1165951
2022-01-10T00:00:00+0530,7686,7759,7669.75,7731.3,639060
2022-01-11T00:00:00+0530,7739,7759.95,7571,7669.85,1037912
2022-01-12T00:00:00+0530,7726,7869,7691.8,7774.5,1458404
2022-01-13T00:00:00+0530,7828,7849.55,7774,7808.35,616374
2022-01-14T00:00:00+0530,7775,7846.1,7728.5,7832.2,569635
2022-01-17T00:00:00+0530,7819.5,7910,7801.55,7852.6,679774
2022-01-18T00:00:00+0530,7899.95,7945,7716.05,7744,1130024
2022-01-19T00:00:00+0530,7850,8045,7473,7571.8,5000317
2022-01-20T00:00:00+0530,7610,7650,7401,7530.25,2910383
2022-01-21T00:00:00+0530,7402.5,7499,7305.85,7373.75,1370450
2022-01-24T00:00:00+0530,7350,7350,6817.7,6931.75,2502582
2022-01-25T00:00:00+0530,6900,6996,6752.2,6963.75,2525934
2022-01-27T00:00:00+0530,6823.6,6902.35,6708.1,6837,1761028
2022-01-28T00:00:00+0530,6961.05,7045.6,6845,6867.25,1467522
2022-01-31T00:00:00+0530,6979.9,7075.9,6930.1,7000.25,1251249
2022-02-01T00:00:00+0530,7075.9,7115.8,6886,7014.6,1383449
2022-02-02T00:00:00+0530,7100,7280,7095,7247.45,1339821
2022-02-03T00:00:00+0530,7253,7287.05,7100,7110.65,839856
2022-02-04T00:00:00+0530,7090,7188.4,7055,7158.4,823208
2022-02-07T00:00:00+0530,7165,7165,6881,6930.6,1183012
2022-02-08T00:00:00+0530,7000,7147,6914.7,7055,1640542
2022-02-09T00:00:00+0530,7128.55,7157.9,7070,7117.35,649166
2022-02-10T00:00:00+0530,7135,7240,7065,7137,1244200
2022-02-11T00:00:00+0530,7040,7079.95,6921.05,7011.6,1276461
2022-02-14T00:00:00+0530,6810,6930,6744.05,6785.95,1169766
2022-02-15T00:00:00+0530,6800,7195,6785.95,7142.05,1346820
2022-02-16T00:00:00+0530,7185,7224.95,7050,7068.6,1054041
2022-02-17T00:00:00+0530,7120,7128,6982,7082.45,903616
2022-02-18T00:00:00+0530,7020,7116,7010,7030.1,762517
2022-02-21T00:00:00+0530,7000,7080.9,6911,7006.35,816664
2022-02-22T00:00:00+0530,6800,7036.15,6789,7011.35,1258732
2022-02-23T00:00:00+0530,7060,7117.35,7027.45,7044.55,795228
2022-02-24T00:00:00+0530,6800,6900.2,6592.45,6627.8,1930040
2022-02-25T00:00:00+0530,6800,6989.95,6759,6969.4,1413281
2022-02-28T00:00:00+0530,6860,7025,6806.6,7002.3,1580891
2022-03-02T00:00:00+0530,6918,6936.35,6762,6831.55,1608009
2022-03-03T00:00:00+0530,6920,6944.3,6725,6748.35,1333999
2022-03-04T00:00:00+0530,6688.4,6698,6500,6537.9,1996509
2022-03-07T00:00:00+0530,6350,6370,6100,6125,2843588
2022-03-08T00:00:00+0530,6128,6217.35,5912.9,6161.85,2885783
2022-03-09T00:00:00+0530,6219.5,6525,6121.85,6472.5,2280131
2022-03-10T00:00:00+0530,6794,6794,6501,6584.9,2091561
2022-03-11T00:00:00+0530,6550,6685,6490.05,6628,1264771
2022-03-14T00:00:00+0530,6601,6689,6500,6665.45,1266846
2022-03-15T00:00:00+0530,6677.2,6750,6605,6666.55,1479270
2022-03-16T00:00:00+0530,6780,6899.4,6743.35,6840.6,1633596
2022-03-17T00:00:00+0530,6947.7,7056.9,6930.1,6994.4,1670678
2022-03-21T00:00:00+0530,7000,7018.75,6850,6870.4,962019
2022-03-22T00:00:00+0530,6870,7010,6767,6985.8,1273796
2022-03-23T00:00:00+0530,7050,7104,6970,7004.8,1176750
2022-03-24T00:00:00+0530,6969,7035.55,6881.25,6997.55,783716
2022-03-25T00:00:00+0530,7059,7067.45,6940,6973.5,702373
2022-03-28T00:00:00+0530,6990,7035,6870,7001.4,936973
2022-03-29T00:00:00+0530,7040,7060,6984.5,7039.35,715950
2022-03-30T00:00:00+0530,7100,7274.45,7099,7251.85,1272254
2022-03-31T00:00:00+0530,7287.95,7445,7240.65,7259.95,1633011
2022-04-01T00:00:00+0530,7229.95,7449,7220.3,7408.1,871513
2022-04-04T00:00:00+0530,7449,7590.9,7430,7490.65,1049759
2022-04-05T00:00:00+0530,7435,7479.95,7330,7388.45,1072082
2022-04-06T00:00:00+0530,7350,7425,7300,7346.95,767031
2022-04-07T00:00:00+0530,7310,7356,7270,7290.2,718266
2022-04-08T00:00:00+0530,7328.3,7425,7260,7366.6,881973
2022-04-11T00:00:00+0530,7345.05,7384,7295,7336.65,597508
2022-04-12T00:00:00+0530,7299.95,7299.95,7220,7274.5,805598
2022-04-13T00:00:00+0530,7313,7380,7282.05,7328.45,672317
2022-04-18T00:00:00+0530,7265.5,7375,7231.6,7261.45,758222
2022-04-19T00:00:00+0530,7300,7443.3,7151,7259.55,1191110
2022-04-20T00:00:00+0530,7274.95,7294.7,6960,7032.5,1558181
2022-04-21T00:00:00+0530,7099,7187,7047.3,7138.1,875343
2022-04-22T00:00:00+0530,7080,7207,7071.4,7110.75,807987
2022-04-25T00:00:00+0530,7000,7074.95,6950,7005.5,684953
2022-04-26T00:00:00+0530,7131,7262.95,7097,7240.55,1012419
2022-04-27T00:00:00+0530,7100,7100,6688.85,6714.1,3984357
2022-04-28T00:00:00+0530,6748,6805,6580,6727.65,2499094
2022-04-29T00:00:00+0530,6800,6823.6,6651,6671.8,1337517
2022-05-02T00:00:00+0530,6550,6649.85,6525.5,6626.15,1238741
2022-05-04T00:00:00+0530,6629.9,6667.8,6290,6339.75,1649115
2022-05-05T00:00:00+0530,6400,6497.45,6290,6309.45,1486028
2022-05-06T00:00:00+0530,6201,6205.05,5975,6000.3,3064865
2022-05-09T00:00:00+0530,5961,6135.25,5832.55,6036.95,1935648
2022-05-10T00:00:00+0530,6000,6113.05,5900,5928.45,1177933
2022-05-11T00:00:00+0530,5957,5996.6,5737,5807,1861339
2022-05-12T00:00:00+0530,5750,5764.75,5505.9,5593.4,2494044
2022-05-13T00:00:00+0530,5700,5749,5500,5515.75,2105315
2022-05-16T00:00:00+0530,5575,5711.95,5488,5645.4,1414955
2022-05-17T00:00:00+0530,5660,5849,5652,5837.3,1401770
2022-05-18T00:00:00+0530,5889.95,5956.7,5790,5815.2,1655094
2022-05-19T00:00:00+0530,5651,5745,5611,5707,1065025
2022-05-20T00:00:00+0530,5840,5841.95,5712,5769.6,1098610
2022-05-23T00:00:00+0530,5825,5906.25,5771.2,5794,968021
2022-05-24T00:00:00+0530,5783,5833,5725,5798.8,1084069
2022-05-25T00:00:00+0530,5839,5877.7,5801.8,5827.4,867598
2022-05-26T00:00:00+0530,5850,5875.45,5653.4,5817.8,1259546
2022-05-27T00:00:00+0530,5900,6077,5861.05,5993.5,1625805
2022-05-30T00:00:00+0530,6088,6127,6041.1,6111.2,817484
2022-05-31T00:00:00+0530,6110,6169.2,6016.45,6082.15,1548966
2022-06-01T00:00:00+0530,6060,6130,5977.25,6010.15,887620
2022-06-02T00:00:00+0530,6007,6080,5949.2,6057.85,750809
2022-06-03T00:00:00+0530,6125,6168,6014,6028.2,1043465
2022-06-06T00:00:00+0530,6008.2,6050,5911,6021,737657
2022-06-07T00:00:00+0530,5980,5989.95,5833.65,5878.6,896982
2022-06-08T00:00:00+0530,5900,6054,5802.25,5954.3,1334146
2022-06-09T00:00:00+0530,5905,5931.6,5855,5898.55,1237674
2022-06-10T00:00:00+0530,5825,5835,5652.4,5667.5,2151891
2022-06-13T00:00:00+0530,5525.05,5554,5325,5358.25,1932785
2022-06-14T00:00:00+0530,5347,5461,5284.2,5375.75,1884541
2022-06-15T00:00:00+0530,5418,5499.9,5396.15,5484.95,1659943
2022-06-16T00:00:00+0530,5565,5614.95,5254.85,5283.9,2179686
2022-06-17T00:00:00+0530,5220,5475,5220,5419.55,1937939
2022-06-20T00:00:00+0530,5428,5510,5352,5470.45,1119456
2022-06-21T00:00:00+0530,5525,5564,5455,5549.15,1002359
2022-06-22T00:00:00+0530,5531.5,5531.5,5405,5439.6,898346
2022-06-23T00:00:00+0530,5445.6,5495,5343,5448.15,1101857
2022-06-24T00:00:00+0530,5510,5616.65,5455,5587.75,1304933
2022-06-27T00:00:00+0530,5700,5725,5587.75,5641.2,1049008
2022-06-28T00:00:00+0530,5607,5619,5525,5576.25,739500
2022-06-29T00:00:00+0530,5485,5554,5460,5512.8,755982
2022-06-30T00:00:00+0530,5512.8,5535.2,5377,5400.5,1198275
2022-07-01T00:00:00+0530,5364,5633.95,5335.05,5614.4,1221890
2022-07-04T00:00:00+0530,5612.9,5648.95,5541,5630.3,789818
2022-07-05T00:00:00+0530,5660,5755,5626.45,5661.1,1228453
2022-07-06T00:00:00+0530,5680,5938.85,5645.9,5916.7,2222952
2022-07-07T00:00:00+0530,5935,5986.9,5816,5860.7,1335247
2022-07-08T00:00:00+0530,5928,5928,5801,5873.2,803282
2022-07-11T00:00:00+0530,5850,5903.95,5813.8,5861.5,761337
2022-07-12T00:00:00+0530,5849.8,5959.55,5784,5873.55,975446
2022-07-13T00:00:00+0530,5929.95,5979,5866.6,5878.9,886934
2022-07-14T00:00:00+0530,5925,5926.95,5794.7,5830.85,692920
2022-07-15T00:00:00+0530,5855,5928.25,5812.85,5915.2,569859
2022-07-18T00:00:00+0530,5969.9,6068.1,5931.35,6059.8,966432
2022-07-19T00:00:00+0530,6040,6098.15,6002.05,6065.95,978560
2022-07-20T00:00:00+0530,6149,6149.6,6042.05,6074.4,827092
2022-07-21T00:00:00+0530,6079,6283.15,6036,6266.9,1325493
2022-07-22T00:00:00+0530,6271,6325,6217.7,6258.25,953295
2022-07-25T00:00:00+0530,6240,6334,6185,6227,724023
2022-07-26T00:00:00+0530,6300,6383.7,6212.5,6264.45,1530406
2022-07-27T00:00:00+0530,6279,6429.4,6195,6396.35,1444989
2022-07-28T00:00:00+0530,6522,7109.95,6522,7076.6,6485782
2022-07-29T00:00:00+0530,7175,7260,7125,7209.1,2606762
2022-08-01T00:00:00+0530,7251.05,7310,7192,7261,1227077
2022-08-02T00:00:00+0530,7201.45,7356,7182.2,7341.9,1249124
2022-08-03T00:00:00+0530,7326,7376.4,7218,7296.35,1218621
2022-08-04T00:00:00+0530,7338.95,7385,7205,7316.65,949481
2022-08-05T00:00:00+0530,7339.95,7367.95,7276.05,7304.7,758078
2022-08-08T00:00:00+0530,7300,7398,7264,7342.2,957482
2022-08-10T00:00:00+0530,7369,7369,7105,7149.4,1906523
2022-08-11T00:00:00+0530,7244,7325,7217.35,7318.95,1027051
2022-08-12T00:00:00+0530,7302,7343,7272.05,7309.4,1036941
2022-08-16T00:00:00+0530,7339,7384,7272.1,7286.1,804464
2022-08-17T00:00:00+0530,7300,7638,7296,7527.1,2344414
2022-08-18T00:00:00+0530,7490,7588.8,7452.4,7488.25,835354
2022-08-19T00:00:00+0530,7510,7538.7,7271,7301.7,1100427
2022-08-22T00:00:00+0530,7261,7279.8,7088.85,7102.2,1060862
2022-08-23T00:00:00+0530,7085,7250,7050,7207.7,1088603
2022-08-24T00:00:00+0530,7165,7236.4,7140,7176.9,953096
2022-08-25T00:00:00+0530,7212.8,7239,7025.1,7047.15,1354296
2022-08-26T00:00:00+0530,7120,7141.5,7025.7,7062.1,759139
2022-08-29T00:00:00+0530,6881,7015.5,6861.35,6964.35,996735
2022-08-30T00:00:00+0530,7000,7335,7000,7306.25,1731381
2022-09-01T00:00:00+0530,7228.6,7333.85,7142,7181.3,1462579
2022-09-02T00:00:00+0530,7217.1,7313,7173.45,7190.35,906370
2022-09-05T00:00:00+0530,7190.7,7254,7158,7196.2,707025
2022-09-06T00:00:00+0530,7228.75,7255,7105,7119.35,791905
2022-09-07T00:00:00+0530,7078,7207.95,7070,7166.5,791994
2022-09-08T00:00:00+0530,7220,7279.45,7175,7257.65,772251
2022-09-09T00:00:00+0530,7300,7324,7165,7180.9,649607
2022-09-12T00:00:00+0530,7216.85,7319.9,7187.85,7286.9,834716
2022-09-13T00:00:00+0530,7330,7444,7312.4,7403.45,1382700
2022-09-14T00:00:00+0530,7272.15,7560,7272.15,7483.45,1493388
2022-09-15T00:00:00+0530,7489.95,7532.85,7369.7,7386.3,717420
2022-09-16T00:00:00+0530,7385,7480.15,7194.35,7274.1,1187036
2022-09-19T00:00:00+0530,7275,7524.45,7190.95,7496.1,1648117
2022-09-20T00:00:00+0530,7569.95,7715,7565,7635.4,1613450
2022-09-21T00:00:00+0530,7640,7735,7586.05,7690.65,1239262
2022-09-22T00:00:00+0530,7670,7778,7600,7719.55,1281039
2022-09-23T00:00:00+0530,7714.8,7731.5,7475,7507.15,1412331
2022-09-26T00:00:00+0530,7437,7460,7129,7259.5,1875205
2022-09-27T00:00:00+0530,7325,7379.95,7210.05,7242.85,1142829
2022-09-28T00:00:00+0530,7179,7297.5,7160.1,7202.5,869069
2022-09-29T00:00:00+0530,7312.5,7316.9,7088.05,7104.75,969632
2022-09-30T00:00:00+0530,7081,7362,7026.8,7335.75,1618665
2022-10-03T00:00:00+0530,7337,7398,7144.6,7171.8,820198
2022-10-04T00:00:00+0530,7335,7505,7306.35,7488.7,1191495
2022-10-06T00:00:00+0530,7550,7599,7346.9,7404.15,1510060
2022-10-07T00:00:00+0530,7385.45,7407.75,7272.25,7345.15,991196
2022-10-10T00:00:00+0530,7265,7338,7221,7293.4,653113
2022-10-11T00:00:00+0530,7307,7352.5,7172.6,7202.8,732206
2022-10-12T00:00:00+0530,7205,7258.5,7145,7226.2,740731
2022-10-13T00:00:00+0530,7220.5,7226,7114.7,7151.65,608655
2022-10-14T00:00:00+0530,7300,7345,7221,7272.5,839012
2022-10-17T00:00:00+0530,7254.95,7372.3,7217,7355.2,617401
2022-10-18T00:00:00+0530,7400,7430,7321,7390.4,906975
2022-10-19T00:00:00+0530,7417,7440,7350,7380.4,627177
2022-10-20T00:00:00+0530,7369.95,7449,7261,7432.4,1026054
2022-10-21T00:00:00+0530,7490,7490,7153.05,7192.75,2386960
2022-10-24T00:00:00+0530,7310,7310,7190,7206.5,227884
2022-10-25T00:00:00+0530,7242.55,7242.55,7090,7102.9,909899
2022-10-27T00:00:00+0530,7186,7210,6931,6971.1,1641458
2022-10-28T00:00:00+0530,7000,7090,6980,7006.85,839669
2022-10-31T00:00:00+0530,7094,7149.6,7046,7144.1,818986
2022-11-01T00:00:00+0530,7196.95,7236,7160,7209.5,762742
2022-11-02T00:00:00+0530,7207,7240,7140.05,7156.2,585914
2022-11-03T00:00:00+0530,7105,7195,7092.1,7121.6,632313
2022-11-04T00:00:00+0530,7121.6,7224.9,7121.6,7212,921925
2022-11-07T00:00:00+0530,7248.1,7250.65,7111,7190.05,722494
2022-11-09T00:00:00+0530,7235,7235,7114.65,7144,689634
2022-11-10T00:00:00+0530,7158,7165,6964.55,6975.1,1008182
2022-11-11T00:00:00+0530,7149,7157.85,6995,7051.45,1233342
2022-11-14T00:00:00+0530,7054.9,7107,7001.05,7025.8,855060
2022-11-15T00:00:00+0530,7035.15,7062.4,6981,7025.75,719521
2022-11-16T00:00:00+0530,7011,7034.85,6852.6,6895.05,1336204
2022-11-17T00:00:00+0530,6870,6950,6832,6895.05,733944
2022-11-18T00:00:00+0530,6909.9,6928,6750,6791.5,1327689
2022-11-21T00:00:00+0530,6747,6747,6610.35,6679.1,1071748
2022-11-22T00:00:00+0530,6680.25,6727.75,6660.3,6685.05,958769
2022-11-23T00:00:00+0530,6718.5,6805,6690,6780.05,893667
2022-11-24T00:00:00+0530,6813.95,6839.85,6737.3,6771.35,754611
2022-11-25T00:00:00+0530,6770,6778,6675,6747.5,859058
2022-11-28T00:00:00+0530,6729,6832.8,6728.55,6777.45,604054
2022-11-29T00:00:00+0530,6775,6808.9,6721,6734.15,681860
2022-11-30T00:00:00+0530,6735,6754.2,6678,6720.95,1482831
2022-12-01T00:00:00+0530,6754.6,6770,6707,6747.75,981616
2022-12-02T00:00:00+0530,6730.2,6741.95,6647,6675.75,1438602
2022-12-05T00:00:00+0530,6674.55,6699,6632,6660.45,1029250
2022-12-06T00:00:00+0530,6674.4,6735,6632,6698.55,840980
2022-12-07T00:00:00+0530,6724.95,6724.95,6601,6625.2,961027
2022-12-08T00:00:00+0530,6680,6680,6560,6581.95,1137784
2022-12-09T00:00:00+0530,6602.5,6618,6490,6517.45,1131292
2022-12-12T00:00:00+0530,6508.1,6539,6392,6506.5,1100048
2022-12-13T00:00:00+0530,6507,6648,6507,6620.1,958636
2022-12-14T00:00:00+0530,6658,6688.55,6626.6,6655.2,678283
2022-12-15T00:00:00+0530,6632,6714,6604,6625.4,857706
2022-12-16T00:00:00+0530,6590,6695.3,6560,6596.9,880233
2022-12-19T00:00:00+0530,6600.1,6705,6597,6687,659559
2022-12-20T00:00:00+0530,6660,6698.85,6585,6642.85,607716
2022-12-21T00:00:00+0530,6693.9,6693.9,6505,6526.7,622390
2022-12-22T00:00:00+0530,6570,6575,6407,6490.65,849706
2022-12-23T00:00:00+0530,6450,6466,6340.05,6374.6,994303
2022-12-26T00:00:00+0530,6374.65,6469.9,6300,6433.7,530535
2022-12-27T00:00:00+0530,6466,6530,6430,6504.7,781035
2022-12-28T00:00:00+0530,6475,6570,6464.05,6476.1,755934
2022-12-29T00:00:00+0530,6440,6520.5,6402.4,6510.9,521880
2022-12-30T00:00:00+0530,6550,6719.9,6515,6575.2,1520266
2023-01-02T00:00:00+0530,6565,6610,6484.75,6553.75,579340
2023-01-03T00:00:00+0530,6565,6660,6530,6606.25,742081
2023-01-04T00:00:00+0530,6595,6638,6550,6571,671253
2023-01-05T00:00:00+0530,6490,6490,6025.05,6100.05,5102300
2023-01-06T00:00:00+0530,6130,6139.95,5941.6,5980.4,2931922
2023-01-09T00:00:00+0530,6020,6078,5955,5993.35,1400548
2023-01-10T00:00:00+0530,5999,6015,5875,5904.15,1120375
2023-01-11T00:00:00+0530,5930,5949,5865.55,5895.75,1108891
2023-01-12T00:00:00+0530,5906.55,5964.9,5857,5898.4,1476949
2023-01-13T00:00:00+0530,5920,5985,5872,5977.8,1108490
2023-01-16T00:00:00+0530,6000,6072.2,5974.55,6010.9,908339
2023-01-17T00:00:00+0530,6019.95,6019.95,5940,5984.95,817005
2023-01-18T00:00:00+0530,6003.95,6049,5985,5998.65,796281
2023-01-19T00:00:00+0530,5983,6029.65,5960.65,6012.45,548142
2023-01-20T00:00:00+0530,6012.5,6019.75,5837.2,5860.4,833090
2023-01-23T00:00:00+0530,5881,5935,5841,5863,856064
2023-01-24T00:00:00+0530,5892.35,5921,5842.65,5855.05,608145
2023-01-25T00:00:00+0530,5850.05,5855.05,5777,5795.9,827837
2023-01-27T00:00:00+0530,5815,5861.55,5680,5760.7,1621352
2023-01-30T00:00:00+0530,5770.05,6066.2,5770.05,6021.8,2448160
2023-01-31T00:00:00+0530,6050,6050,5874,5886.4,1996788
2023-02-01T00:00:00+0530,5944,5980.4,5708.9,5817.2,2634866
2023-02-02T00:00:00+0530,5819,5819,5645,5717.65,2025044
2023-02-03T00:00:00+0530,5770,6030,5747.05,6014.25,1486892
2023-02-06T00:00:00+0530,6000,6124,5955.6,6104.2,1073820
2023-02-07T00:00:00+0530,6122.95,6182,6100,6160.55,1472193
2023-02-08T00:00:00+0530,6165,6377,6162.8,6351.65,1903208
2023-02-09T00:00:00+0530,6374.9,6487.8,6335.25,6455,1838154
2023-02-10T00:00:00+0530,6453.95,6527.6,6420,6435.5,1291282
2023-02-13T00:00:00+0530,6434.95,6473.15,6297.05,6345.5,736557
2023-02-14T00:00:00+0530,6353.8,6472.35,6310,6458.7,1034090
2023-02-15T00:00:00+0530,6450,6496,6397.3,6489.95,618979
2023-02-16T00:00:00+0530,6505,6524.75,6420,6437.3,529048
2023-02-17T00:00:00+0530,6410,6475.8,6367.5,6416.7,616044
2023-02-20T00:00:00+0530,6425,6443.55,6343,6367.4,465732
2023-02-21T00:00:00+0530,6395,6408.25,6352,6379.25,448509
2023-02-22T00:00:00+0530,6331,6360,6185,6198.65,934700
2023-02-23T00:00:00+0530,6214,6262.45,6122.65,6202.35,809768
2023-02-24T00:00:00+0530,6253.75,6286,6200,6236.25,607761
2023-02-27T00:00:00+0530,6215,6241,6135,6194.5,595004
2023-02-28T00:00:00+0530,6220,6246.6,6090,6112.1,977852
2023-03-01T00:00:00+0530,6100.1,6203.95,6100.1,6154.85,544804
2023-03-02T00:00:00+0530,6165.2,6209.6,6070.05,6083,582298
2023-03-03T00:00:00+0530,6121.8,6141,6073,6100.05,712037
2023-03-06T00:00:00+0530,6140,6183,6120.05,6134.85,608477
2023-03-08T00:00:00+0530,6129,6129,5985,5996.85,1342795
2023-03-09T00:00:00+0530,6000,6040,5890.1,5901.3,940858
2023-03-10T00:00:00+0530,5865,5887.4,5781,5874.15,770861
2023-03-13T00:00:00+0530,5869,5947.5,5811,5833.55,793356
2023-03-14T00:00:00+0530,5840,5850,5716.15,5731.55,1372565
2023-03-15T00:00:00+0530,5800,5820,5701,5718.75,679473
2023-03-16T00:00:00+0530,5729.7,5755,5665,5715.1,884963
2023-03-17T00:00:00+0530,5740.05,5816.75,5688.1,5732.35,1047151
2023-03-20T00:00:00+0530,5739,5740.45,5485.7,5550.8,1712756
2023-03-21T00:00:00+0530,5601.8,5715,5586.15,5710.1,1130114
2023-03-22T00:00:00+0530,5749.8,5857,5735,5834.2,1242534
2023-03-23T00:00:00+0530,5809.5,5900,5772.5,5833.05,1054419
2023-03-24T00:00:00+0530,5803.9,5829.75,5627.2,5649.25,1278042
2023-03-27T00:00:00+0530,5698,5725,5584.55,5593.05,1118743
2023-03-28T00:00:00+0530,5621.05,5624.4,5522.7,5534.45,948136
2023-03-29T00:00:00+0530,5562.15,5646,5555,5625.2,1109612
2023-03-31T00:00:00+0530,5694,5694,5586.2,5616.75,1267828
2023-04-03T00:00:00+0530,5655,5734,5632.2,5715.05,745386
2023-04-05T00:00:00+0530,5832,5947.05,5743.15,5761.3,2433329
2023-04-06T00:00:00+0530,5761,5959,5705.55,5932.2,1740502
2023-04-10T00:00:00+0530,5944.95,5969.9,5811,5828.8,928257
2023-04-11T00:00:00+0530,5858,5880,5811.15,5837.75,811620
2023-04-12T00:00:00+0530,5837,5876.75,5786,5856.95,1023069
2023-04-13T00:00:00+0530,5856.95,5937,5850.4,5904.45,833006
2023-04-17T00:00:00+0530,5998,5998,5900,5961.45,672857
2023-04-18T00:00:00+0530,5975,5994,5870.25,5915.65,640889
2023-04-19T00:00:00+0530,5915.65,5960,5880,5947.75,554928
2023-04-20T00:00:00+0530,5960,5965.95,5886.15,5912.7,436731
2023-04-21T00:00:00+0530,5913,5945,5828,5937.9,643101
2023-04-24T00:00:00+0530,5940,5964.7,5877,5933.75,544892
2023-04-25T00:00:00+0530,5959.9,6092.7,5928.7,6075.25,1494475
2023-04-26T00:00:00+0530,6100,6119.8,6013.3,6055.95,974007
2023-04-27T00:00:00+0530,6075,6254.45,6066,6200.05,2827136
2023-04-28T00:00:00+0530,6243.9,6296,6111,6280.1,1489668
2023-05-02T00:00:00+0530,6330,6334.65,6224.8,6249.15,991254
2023-05-03T00:00:00+0530,6238.05,6255,6155.95,6180.25,668251
2023-05-04T00:00:00+0530,6197,6399,6182.15,6390.25,1245141
2023-05-05T00:00:00+0530,6379.95,6448,6331.65,6389.85,1160040
2023-05-08T00:00:00+0530,6394.45,6695.1,6388,6657.95,2224735
2023-05-09T00:00:00+0530,6650,6739.85,6542,6552.25,2130770
2023-05-10T00:00:00+0530,6590.95,6665,6525,6631.5,835321
2023-05-11T00:00:00+0530,6659,6680,6625,6663.45,567494
2023-05-12T00:00:00+0530,6650,6733.65,6604.7,6714.4,912078
2023-05-15T00:00:00+0530,6714.4,6750,6685.8,6712.3,739076
2023-05-16T00:00:00+0530,6720,6849,6700,6784.6,1265133
2023-05-17T00:00:00+0530,6785,6810.45,6662,6705.05,740785
2023-05-18T00:00:00+0530,6759.8,6830.65,6745.15,6789.4,1106718
2023-05-19T00:00:00+0530,6800,6820,6712,6784.2,592834
2023-05-22T00:00:00+0530,6784.2,6818,6761.9,6793.05,419792
2023-05-23T00:00:00+0530,6810.05,6873.95,6757.1,6780.55,790196
2023-05-24T00:00:00+0530,6769,6848.55,6729.75,6785.95,553936
2023-05-25T00:00:00+0530,6778,6848,6746.1,6841.15,530260
2023-05-26T00:00:00+0530,6846.6,6920,6841.2,6904.5,694073
2023-05-29T00:00:00+0530,6940.2,6971.9,6901.8,6932.05,640728
2023-05-30T00:00:00+0530,6948,7018.75,6930.05,7005.8,881923
2023-05-31T00:00:00+0530,7004.9,7026,6927.3,6989.85,2147627
2023-06-01T00:00:00+0530,7024,7057.3,6951.1,7040.5,590026
2023-06-02T00:00:00+0530,7075.75,7100,7005,7023.9,664209
2023-06-05T00:00:00+0530,7070,7091.6,7013.05,7043.2,577162
2023-06-06T00:00:00+0530,7025,7132,7025,7113.95,690586
2023-06-07T00:00:00+0530,7120,7141,7062,7079.95,534483
2023-06-08T00:00:00+0530,7080,7111,6995.15,7010.1,455360
2023-06-09T00:00:00+0530,7012.75,7082.5,7012.05,7037.15,447361
2023-06-12T00:00:00+0530,7050.15,7110,7041.6,7097.7,513255
2023-06-13T00:00:00+0530,7100,7200,7100,7166.75,800134
2023-06-14T00:00:00+0530,7182,7182,7082.05,7096.85,401520
2023-06-15T00:00:00+0530,7095,7141.7,7056,7126.6,437018
2023-06-16T00:00:00+0530,7170,7218.6,7131,7203.2,1414858
2023-06-19T00:00:00+0530,7211.95,7398.85,7202.25,7386.2,1184590
2023-06-20T00:00:00+0530,7376.15,7376.15,7201,7248.8,863826
2023-06-21T00:00:00+0530,7275,7285.9,7177,7206.15,546804
2023-06-22T00:00:00+0530,7200.1,7204.15,7020,7030,827194
2023-06-23T00:00:00+0530,7020.95,7055,6956.1,6989.65,815226
2023-06-26T00:00:00+0530,6990,7035,6945,6998.7,563539
2023-06-27T00:00:00+0530,7030,7030,6954,7019.25,709789
2023-06-28T00:00:00+0530,7054.35,7125,7040,7090.2,709782
2023-06-30T00:00:00+0530,7100,7195,7091.2,7160.6,887908
2023-07-03T00:00:00+0530,7160.6,7355,7160,7333,1209227
2023-07-04T00:00:00+0530,7650,7920,7612.65,7860.45,4162208
2023-07-05T00:00:00+0530,7879.95,7999.9,7780,7838.75,1978666
2023-07-06T00:00:00+0530,7776,7824,7735,7766.25,1045984
2023-07-07T00:00:00+0530,7720,7748.9,7605.6,7622.35,1094915
2023-07-10T00:00:00+0530,7622.35,7629.95,7432.3,7533.25,1451518
2023-07-11T00:00:00+0530,7567,7680,7381,7444,1675043
2023-07-12T00:00:00+0530,7469.9,7508,7398.15,7431.95,1131755
2023-07-13T00:00:00+0530,7469.95,7522.9,7416,7474.6,747052
2023-07-14T00:00:00+0530,7474,7518.9,7399.9,7482.35,726600
2023-07-17T00:00:00+0530,7520,7542,7442,7510.95,506744
2023-07-18T00:00:00+0530,7520,7555,7373.1,7420,1309709
2023-07-19T00:00:00+0530,7441.95,7599,7430,7584.7,975943
2023-07-20T00:00:00+0530,7551,7637.15,7502,7596.6,649436
2023-07-21T00:00:00+0530,7596.6,7657.7,7533.1,7581.75,673394
2023-07-24T00:00:00+0530,7581.65,7644.8,7560.35,7581.6,584342
2023-07-25T00:00:00+0530,7649.4,7649.4,7541.05,7606.45,850869
2023-07-26T00:00:00+0530,7635,7734,7331,7433.15,2228866
2023-07-27T00:00:00+0530,7577.9,7577.9,7267.7,7284.1,2147172
2023-07-28T00:00:00+0530,7319,7394.6,7210,7381.6,1007050
2023-07-31T00:00:00+0530,7345,7369.9,7281.05,7300.3,749315
2023-08-01T00:00:00+0530,7300.3,7330,7244,7269.7,752765
2023-08-02T00:00:00+0530,7290,7290,7145,7203.45,898536
2023-08-03T00:00:00+0530,7175,7224.3,7018.05,7108.35,1081898
2023-08-04T00:00:00+0530,7139,7205,7071.3,7148.7,731349
2023-08-07T00:00:00+0530,7162,7182.75,7071.6,7122.15,718409
2023-08-08T00:00:00+0530,7135,7205,7085.15,7173.6,807362
2023-08-09T00:00:00+0530,7200,7214,7090,7125.35,511572
2023-08-10T00:00:00+0530,7100.05,7174,7092,7143.85,616130
2023-08-11T00:00:00+0530,7143.85,7159,7031.05,7060.6,630396
2023-08-14T00:00:00+0530,7040,7058.9,6940.55,7018.05,693785
2023-08-16T00:00:00+0530,6994,6994,6920,6981.5,598795
2023-08-17T00:00:00+0530,7020,7020,6903,6923.25,710118
2023-08-18T00:00:00+0530,6893.5,6915.8,6845,6862.1,745533
2023-08-21T00:00:00+0530,6801,7063,6801,7048.2,1230831
2023-08-22T00:00:00+0530,7051.05,7153.5,7050,7069.95,1248780
2023-08-23T00:00:00+0530,7100,7149,7003,7116.45,803248
2023-08-24T00:00:00+0530,7150,7185.95,7121,7137.45,910360
2023-08-25T00:00:00+0530,7115,7278.1,7101,7211.5,1303276
2023-08-28T00:00:00+0530,7224.95,7261,7138.1,7235.6,703626
2023-08-29T00:00:00+0530,7250,7310.95,7236,7293.35,1418305
2023-08-30T00:00:00+0530,7326,7330.9,7258,7268.1,460268
2023-08-31T00:00:00+0530,7280,7285,7135,7163,1412980
2023-09-01T00:00:00+0530,7168.55,7329.4,7155,7320.6,676076
2023-09-04T00:00:00+0530,7370,7370,7258.4,7270.25,581363
2023-09-05T00:00:00+0530,7283,7358.45,7280,7345.1,1221353
2023-09-06T00:00:00+0530,7315.3,7397,7290.7,7387.8,605157
2023-09-07T00:00:00+0530,7380,7387.8,7303.7,7363.2,549622
2023-09-08T00:00:00+0530,7390,7449.95,7370,7410.65,624642
2023-09-11T00:00:00+0530,7425,7444,7362,7391.65,406849
2023-09-12T00:00:00+0530,7421,7459,7305.5,7431.3,963517
2023-09-13T00:00:00+0530,7429.3,7508.25,7380.65,7475.9,579846
2023-09-14T00:00:00+0530,7475.9,7511.7,7427.05,7494.3,650372
2023-09-15T00:00:00+0530,7499,7565.15,7455.55,7492.2,787494
2023-09-18T00:00:00+0530,7488.9,7560,7465,7548.65,706618
2023-09-20T00:00:00+0530,7488.65,7647,7483,7539,844190
2023-09-21T00:00:00+0530,7530,7583.65,7425,7484.2,675725
2023-09-22T00:00:00+0530,7493.95,7577,7453.6,7471.35,526304
2023-09-25T00:00:00+0530,7575,7849.9,7510,7819.85,2347533
2023-09-26T00:00:00+0530,7819.9,7899.95,7775,7870.65,1246820
2023-09-27T00:00:00+0530,7855,7855,7742.75,7837.55,744110
2023-09-28T00:00:00+0530,7804.75,7829,7718.05,7739,777505
2023-09-29T00:00:00+0530,7739,7848,7725,7810.75,573005
