Entry Date,Open price,High Price,Low Price
2019-01-01T00:00:00+0530,148.1,150.4,147.1
2019-01-02T00:00:00+0530,149.35,150,145.5
2019-01-03T00:00:00+0530,146.2,146.25,144
2019-01-04T00:00:00+0530,145,147.55,143.55
2019-01-07T00:00:00+0530,147.1,149.2,146.9
2019-01-08T00:00:00+0530,148.45,148.9,146.85
2019-01-09T00:00:00+0530,148,149.05,146.7
2019-01-10T00:00:00+0530,148.1,148.1,146.2
2019-01-11T00:00:00+0530,146.2,146.95,144.95
2019-01-14T00:00:00+0530,145.55,145.75,143.25
2019-01-15T00:00:00+0530,149.25,149.25,142.8
2019-01-16T00:00:00+0530,144.4,145.6,143.7
2019-01-17T00:00:00+0530,144,145.9,144
2019-01-18T00:00:00+0530,145.5,147.55,144.4
2019-01-21T00:00:00+0530,145.45,146.05,143
2019-01-22T00:00:00+0530,143.25,143.45,141.4
2019-01-23T00:00:00+0530,142.15,143.65,139.3
2019-01-24T00:00:00+0530,140.05,141.85,139.15
2019-01-25T00:00:00+0530,140.7,141.85,138.95
2019-01-28T00:00:00+0530,139.5,141.45,136.5
2019-01-29T00:00:00+0530,140.1,140.85,137.75
2019-01-30T00:00:00+0530,138.85,140.95,137.55
2019-01-31T00:00:00+0530,141.4,143.65,140.1
2019-02-01T00:00:00+0530,143.2,143.9,139.45
2019-02-04T00:00:00+0530,142.15,142.15,137.8
2019-02-05T00:00:00+0530,138.1,140.2,137.65
2019-02-06T00:00:00+0530,139.7,141.55,138.55
2019-02-07T00:00:00+0530,140.2,140.8,138
2019-02-08T00:00:00+0530,138.45,140.95,135.4
2019-02-11T00:00:00+0530,134.7,137.4,133.4
2019-02-12T00:00:00+0530,137.25,139.8,135.35
2019-02-13T00:00:00+0530,136.2,138.55,130.3
2019-02-14T00:00:00+0530,133.15,134.15,129.4
2019-02-15T00:00:00+0530,133.8,136.65,133.2
2019-02-18T00:00:00+0530,136.1,137.65,134.65
2019-02-19T00:00:00+0530,135.2,137.25,134.2
2019-02-20T00:00:00+0530,135.55,136.95,133.95
2019-02-21T00:00:00+0530,137.05,137.25,135.65
2019-02-22T00:00:00+0530,136.3,136.95,135.4
2019-02-25T00:00:00+0530,135.75,136.9,133.9
2019-02-26T00:00:00+0530,134.65,137.05,134.15
2019-02-27T00:00:00+0530,136,138.25,134.9
2019-02-28T00:00:00+0530,137.2,138.55,135.45
2019-03-01T00:00:00+0530,137.35,137.8,136.6
2019-03-05T00:00:00+0530,138,139.1,136.95
2019-03-06T00:00:00+0530,137.35,139.8,136.3
2019-03-07T00:00:00+0530,140.25,142.15,138.45
2019-03-08T00:00:00+0530,141,141.35,138.95
2019-03-11T00:00:00+0530,141.4,147,140.8
2019-03-12T00:00:00+0530,146,151.5,146
2019-03-13T00:00:00+0530,148.6,148.7,144.85
2019-03-14T00:00:00+0530,141.7,142.3,140.45
2019-03-15T00:00:00+0530,140.35,145.65,140.35
2019-03-18T00:00:00+0530,145.6,148.35,144.95
2019-03-19T00:00:00+0530,147.15,150.15,146.5
2019-03-20T00:00:00+0530,149.45,149.9,147.4
2019-03-22T00:00:00+0530,148.45,150.65,147.85
2019-03-25T00:00:00+0530,147.9,152.65,146.35
2019-03-26T00:00:00+0530,151.6,152.95,149.55
2019-03-27T00:00:00+0530,152.25,153.55,148.9
2019-03-28T00:00:00+0530,150,150,147.35
2019-03-29T00:00:00+0530,148.5,150.45,147.55
2019-04-01T00:00:00+0530,148.65,149.8,146.35
2019-04-02T00:00:00+0530,147,150.6,147
2019-04-03T00:00:00+0530,150.3,151.9,150.1
2019-04-04T00:00:00+0530,151.1,152.45,148.9
2019-04-05T00:00:00+0530,150.55,150.55,147.05
2019-04-08T00:00:00+0530,148.5,150.25,146.65
2019-04-09T00:00:00+0530,149.2,149.5,147.8
2019-04-10T00:00:00+0530,148.3,149.75,148.3
2019-04-11T00:00:00+0530,149.35,149.55,146.75
2019-04-12T00:00:00+0530,147.5,148.25,146.3
2019-04-15T00:00:00+0530,148.35,150.65,147.85
2019-04-16T00:00:00+0530,149.25,149.9,147.4
2019-04-18T00:00:00+0530,148,148.4,145.15
2019-04-22T00:00:00+0530,145.65,147.55,145.05
2019-04-23T00:00:00+0530,145.35,145.9,144.05
2019-04-24T00:00:00+0530,144.85,146,142.55
2019-04-25T00:00:00+0530,144.15,146.85,143.05
2019-04-26T00:00:00+0530,143.25,145.8,142.75
2019-04-30T00:00:00+0530,143.8,144.4,139.05
2019-05-02T00:00:00+0530,140.3,143.1,139.85
2019-05-03T00:00:00+0530,143.2,144.7,142.65
2019-05-06T00:00:00+0530,142.5,144.65,141.65
2019-05-07T00:00:00+0530,142.9,145.35,142.9
2019-05-08T00:00:00+0530,143.95,145.3,141.7
2019-05-09T00:00:00+0530,142.45,142.55,139.75
2019-05-10T00:00:00+0530,141.3,141.35,138.8
2019-05-13T00:00:00+0530,139.1,139.55,136.55
2019-05-14T00:00:00+0530,136.45,138.15,135.8
2019-05-15T00:00:00+0530,137.35,138.45,133.1
2019-05-16T00:00:00+0530,134.5,137.05,134.15
2019-05-17T00:00:00+0530,136.3,137.7,135.25
2019-05-20T00:00:00+0530,139.6,141.7,138.05
2019-05-21T00:00:00+0530,141.2,141.45,137.8
2019-05-22T00:00:00+0530,137.95,139,136.35
2019-05-23T00:00:00+0530,139.5,141.1,137.35
2019-05-24T00:00:00+0530,139.25,139.9,138.2
2019-05-27T00:00:00+0530,139.85,142.2,139.25
2019-05-28T00:00:00+0530,141.2,143.5,140.85
2019-05-29T00:00:00+0530,143.55,144.75,142
2019-05-30T00:00:00+0530,145.05,145.45,141.1
2019-05-31T00:00:00+0530,143.65,144.3,141.3
2019-06-03T00:00:00+0530,142.7,145.15,142.5
2019-06-04T00:00:00+0530,144.4,147,143.95
2019-06-06T00:00:00+0530,146.25,148.6,145.6
2019-06-07T00:00:00+0530,146.6,147.05,143.35
2019-06-10T00:00:00+0530,144.7,146.95,144.3
2019-06-11T00:00:00+0530,146.5,146.8,144.7
2019-06-12T00:00:00+0530,144.75,145.2,142.75
2019-06-13T00:00:00+0530,143.4,145.85,142.25
2019-06-14T00:00:00+0530,145.5,147.7,145
2019-06-17T00:00:00+0530,147.3,147.35,145.2
2019-06-18T00:00:00+0530,146.05,149.15,145.6
2019-06-19T00:00:00+0530,148.6,151.15,148.5
2019-06-20T00:00:00+0530,150.5,152.05,149.5
2019-06-21T00:00:00+0530,150.9,151.55,148.9
2019-06-24T00:00:00+0530,150,150.55,148.15
2019-06-25T00:00:00+0530,149.25,151.75,149.25
2019-06-26T00:00:00+0530,151.1,158.2,150.8
2019-06-27T00:00:00+0530,156.85,157.45,154.7
2019-06-28T00:00:00+0530,155.35,157.2,153.5
2019-07-01T00:00:00+0530,155.45,157.5,154.25
2019-07-02T00:00:00+0530,155.55,156.9,154.75
2019-07-03T00:00:00+0530,156.15,157.25,155.05
2019-07-04T00:00:00+0530,156.75,158.1,155.8
2019-07-05T00:00:00+0530,157.55,159,153.15
2019-07-08T00:00:00+0530,153.75,154.75,150.25
2019-07-09T00:00:00+0530,151.45,153.9,149.7
2019-07-10T00:00:00+0530,153.55,154.85,152.35
2019-07-11T00:00:00+0530,154.8,156.85,154.6
2019-07-12T00:00:00+0530,156.45,157.4,153.3
2019-07-15T00:00:00+0530,154.25,155.05,152.2
2019-07-16T00:00:00+0530,153.6,157.05,153.25
2019-07-17T00:00:00+0530,156.6,157.9,154.85
2019-07-18T00:00:00+0530,156.7,156.7,153.75
2019-07-19T00:00:00+0530,154.35,155.75,152.1
2019-07-22T00:00:00+0530,154.5,155.4,151.95
2019-07-23T00:00:00+0530,153.55,158.25,153.15
2019-07-24T00:00:00+0530,157.25,159.75,156.4
2019-07-25T00:00:00+0530,157.5,160.8,157.4
2019-07-26T00:00:00+0530,159.85,160.5,157.7
2019-07-29T00:00:00+0530,159.25,159.4,154.9
2019-07-30T00:00:00+0530,155.85,157.35,155.05
2019-07-31T00:00:00+0530,155.65,160.45,155.2
2019-08-01T00:00:00+0530,158.95,162.2,157.35
2019-08-02T00:00:00+0530,159.7,160.45,156.25
2019-08-05T00:00:00+0530,157.5,157.5,147.65
2019-08-06T00:00:00+0530,150.45,151.9,147.2
2019-08-07T00:00:00+0530,149.25,150.7,147.85
2019-08-08T00:00:00+0530,148.55,156.5,147.8
2019-08-09T00:00:00+0530,152.65,156.65,150.95
2019-08-13T00:00:00+0530,150.35,154.05,147.55
2019-08-14T00:00:00+0530,150.8,154.65,148.3
2019-08-16T00:00:00+0530,153.1,160.7,151.75
2019-08-19T00:00:00+0530,156.85,157.5,154.6
2019-08-20T00:00:00+0530,155.25,158.2,154.25
2019-08-21T00:00:00+0530,155,155.7,153.25
2019-08-22T00:00:00+0530,153.4,154.15,150.6
2019-08-23T00:00:00+0530,151.55,153.45,150.55
2019-08-26T00:00:00+0530,151.75,152.65,149.35
2019-08-27T00:00:00+0530,152.3,157.05,152.3
2019-08-28T00:00:00+0530,155.95,158.45,153.25
2019-08-29T00:00:00+0530,154.3,155.1,152.75
2019-08-30T00:00:00+0530,154,155.4,145.5
2019-09-03T00:00:00+0530,151.05,151.8,147.05
2019-09-04T00:00:00+0530,148.1,149.25,146.5
2019-09-05T00:00:00+0530,149.25,152.5,148
2019-09-06T00:00:00+0530,150.25,153.25,150.05
2019-09-09T00:00:00+0530,152.45,153.65,151.35
2019-09-11T00:00:00+0530,152.25,152.95,149.85
2019-09-12T00:00:00+0530,151.5,151.5,148.25
2019-09-13T00:00:00+0530,149.65,152.25,149.3
2019-09-16T00:00:00+0530,150.75,153,150.65
2019-09-17T00:00:00+0530,151.8,152.05,149.5
2019-09-18T00:00:00+0530,150.4,152.25,148.7
2019-09-19T00:00:00+0530,152.05,152.05,149.35
2019-09-20T00:00:00+0530,150.15,156.7,146.55
2019-09-23T00:00:00+0530,147.75,148.7,139.8
2019-09-24T00:00:00+0530,140.95,143.95,138.75
2019-09-25T00:00:00+0530,145.15,152.55,144.85
2019-09-26T00:00:00+0530,149.95,151.05,147.85
2019-09-27T00:00:00+0530,148.35,149.8,147.05
2019-09-30T00:00:00+0530,147.75,150,146.75
2019-10-01T00:00:00+0530,149.65,152,147
2019-10-03T00:00:00+0530,147.55,150,145.9
2019-10-04T00:00:00+0530,149.3,149.85,146.7
2019-10-07T00:00:00+0530,147.55,148.05,145.8
2019-10-09T00:00:00+0530,148.15,149.2,146.55
2019-10-10T00:00:00+0530,148.45,149.7,147.4
2019-10-11T00:00:00+0530,149.3,153.2,149.2
2019-10-14T00:00:00+0530,150.75,151.75,148.3
2019-10-15T00:00:00+0530,148.8,151.5,148.75
2019-10-16T00:00:00+0530,150.75,150.95,147.5
2019-10-17T00:00:00+0530,149.05,149.8,147.4
2019-10-18T00:00:00+0530,148.3,152.45,147.75
2019-10-22T00:00:00+0530,150.75,155.65,150.75
2019-10-23T00:00:00+0530,153.75,155.25,151.75
2019-10-24T00:00:00+0530,154.8,155.45,152.7
2019-10-25T00:00:00+0530,154.05,154.05,150.85
2019-10-27T00:00:00+0530,153,153.25,150.75
2019-10-29T00:00:00+0530,151.7,152.2,149.65
2019-10-30T00:00:00+0530,152.9,152.9,149.5
2019-10-31T00:00:00+0530,150.25,150.7,148.4
2019-11-01T00:00:00+0530,148.85,149.15,147.55
2019-11-04T00:00:00+0530,148.45,149,145.55
2019-11-05T00:00:00+0530,146.05,147.4,145.45
2019-11-06T00:00:00+0530,146.55,147.4,146.05
2019-11-07T00:00:00+0530,147,147.65,145.25
2019-11-08T00:00:00+0530,146.45,146.55,143.15
2019-11-11T00:00:00+0530,143.75,144.85,142.75
2019-11-13T00:00:00+0530,144,145.75,141.25
2019-11-14T00:00:00+0530,142.5,142.6,140.2
2019-11-15T00:00:00+0530,141,141.7,140.05
2019-11-18T00:00:00+0530,140.8,143.25,140
2019-11-19T00:00:00+0530,143.25,147,142.65
2019-11-20T00:00:00+0530,146.95,147.85,145.5
2019-11-21T00:00:00+0530,146.85,147.7,145.5
2019-11-22T00:00:00+0530,147,150.9,147
2019-11-25T00:00:00+0530,149.25,150.3,148.35
2019-11-26T00:00:00+0530,149.3,149.55,145.45
2019-11-27T00:00:00+0530,146.2,147,145.6
2019-11-28T00:00:00+0530,147.15,148.3,145.65
2019-11-29T00:00:00+0530,146.55,146.95,144.1
2019-12-02T00:00:00+0530,146.25,146.25,142.8
2019-12-03T00:00:00+0530,144.1,144.1,141.85
2019-12-04T00:00:00+0530,142.1,142.5,140.8
2019-12-05T00:00:00+0530,141.4,141.7,139.9
2019-12-06T00:00:00+0530,140.6,141.1,139.4
2019-12-09T00:00:00+0530,140.25,141.65,139.15
2019-12-10T00:00:00+0530,140.95,140.95,136.65
2019-12-11T00:00:00+0530,137.25,137.5,133.75
2019-12-12T00:00:00+0530,137.05,141.25,135.8
2019-12-13T00:00:00+0530,139.3,140.65,138.75
2019-12-16T00:00:00+0530,139.65,140.95,139.1
2019-12-17T00:00:00+0530,140.5,141.65,139.2
2019-12-18T00:00:00+0530,140.3,141.75,139.6
2019-12-19T00:00:00+0530,140.35,140.35,138.7
2019-12-20T00:00:00+0530,139.25,140.6,138.85
2019-12-23T00:00:00+0530,139.25,140.65,138.55
2019-12-24T00:00:00+0530,139.85,140.55,139.15
2019-12-26T00:00:00+0530,140.5,140.65,138.05
2019-12-27T00:00:00+0530,139.15,142.15,139.15
2019-12-30T00:00:00+0530,141.75,143.65,141.55
2019-12-31T00:00:00+0530,142.15,144.2,141.95
2020-01-01T00:00:00+0530,142.9,146.95,142.7
2020-01-02T00:00:00+0530,146.65,147.55,145.75
2020-01-03T00:00:00+0530,145.7,146.1,143.45
2020-01-06T00:00:00+0530,144,145.45,141
2020-01-07T00:00:00+0530,144.85,145.9,143.35
2020-01-08T00:00:00+0530,142.75,143.2,141.65
2020-01-09T00:00:00+0530,143.95,145.05,143.35
2020-01-10T00:00:00+0530,145.3,145.3,143.25
2020-01-13T00:00:00+0530,144.3,146.25,143.85
2020-01-14T00:00:00+0530,146.1,147.25,145.7
2020-01-15T00:00:00+0530,146.55,146.85,144.7
2020-01-16T00:00:00+0530,145.6,148.3,145.6
2020-01-17T00:00:00+0530,146.95,148.4,145.25
2020-01-20T00:00:00+0530,153.3,158.25,152.45
2020-01-21T00:00:00+0530,152.75,153.25,149.25
2020-01-22T00:00:00+0530,150.4,151.75,144.8
2020-01-23T00:00:00+0530,147.55,155.55,145.45
2020-01-24T00:00:00+0530,147.35,148.6,145.7
2020-01-27T00:00:00+0530,147.3,147.35,144.25
2020-01-28T00:00:00+0530,144.75,144.75,141.85
2020-01-29T00:00:00+0530,142.85,145.35,141.95
2020-01-30T00:00:00+0530,144.3,146.45,143.55
2020-01-31T00:00:00+0530,146.5,146.65,138.85
2020-02-01T00:00:00+0530,140.1,140.1,132.7
2020-02-03T00:00:00+0530,135.7,141.75,133.1
2020-02-04T00:00:00+0530,141.25,146.5,141
2020-02-05T00:00:00+0530,145.6,146.8,141
2020-02-06T00:00:00+0530,142.45,145.3,141.5
2020-02-07T00:00:00+0530,144.6,144.6,141.4
2020-02-10T00:00:00+0530,143.05,143.35,138.55
2020-02-11T00:00:00+0530,141.4,143.4,141.1
2020-02-12T00:00:00+0530,142.55,143.95,141.4
2020-02-13T00:00:00+0530,141.6,143.35,140.8
2020-02-14T00:00:00+0530,142.9,143.55,137.55
2020-02-17T00:00:00+0530,138.75,139.35,135.4
2020-02-18T00:00:00+0530,136.95,139.75,135.65
2020-02-19T00:00:00+0530,139.5,140.95,137.25
2020-02-20T00:00:00+0530,140.65,143.05,139.45
2020-02-24T00:00:00+0530,141.75,141.9,138.8
2020-02-25T00:00:00+0530,139.6,140.8,139
2020-02-26T00:00:00+0530,138.75,141.3,137.95
2020-02-27T00:00:00+0530,138.85,140.8,136
2020-02-28T00:00:00+0530,137.6,139,134.35
2020-03-02T00:00:00+0530,137.8,140.4,136.3
2020-03-03T00:00:00+0530,137.85,146.05,136.55
2020-03-04T00:00:00+0530,143.05,148.5,141.4
2020-03-05T00:00:00+0530,147.05,149.65,145.9
2020-03-06T00:00:00+0530,142.9,144.45,141.1
2020-03-09T00:00:00+0530,138.7,141.45,133.45
2020-03-11T00:00:00+0530,134.65,137.95,132.95
2020-03-12T00:00:00+0530,132.15,133.45,123.55
2020-03-13T00:00:00+0530,122.1,129.45,112.15
2020-03-16T00:00:00+0530,121.8,122.2,116.25
2020-03-17T00:00:00+0530,117.4,127.75,116.8
2020-03-18T00:00:00+0530,123,123.7,91.6
2020-03-19T00:00:00+0530,109.05,113.95,105.1
2020-03-20T00:00:00+0530,111.2,121.4,111.2
2020-03-23T00:00:00+0530,106.15,116.9,106.15
2020-03-24T00:00:00+0530,114.05,117.9,109.05
2020-03-25T00:00:00+0530,111.4,117.7,111.25
2020-03-26T00:00:00+0530,112.95,121.3,110.45
2020-03-27T00:00:00+0530,118.95,124.7,117.5
2020-03-30T00:00:00+0530,116.25,119.95,114.8
2020-03-31T00:00:00+0530,118.8,121.35,117.3
2020-04-01T00:00:00+0530,119.25,121.45,114.85
2020-04-03T00:00:00+0530,115.9,120.35,113.8
2020-04-07T00:00:00+0530,120.75,121.45,117.3
2020-04-08T00:00:00+0530,118.45,122.05,116.45
2020-04-09T00:00:00+0530,120.7,125.05,118.75
2020-04-13T00:00:00+0530,123,123.7,117.95
2020-04-15T00:00:00+0530,121.1,122.95,118.85
2020-04-16T00:00:00+0530,118.65,125.05,118.15
2020-04-17T00:00:00+0530,125.75,129.95,123.2
2020-04-20T00:00:00+0530,126.9,126.9,121.6
2020-04-21T00:00:00+0530,123,124.5,121.6
2020-04-22T00:00:00+0530,120,122.05,117.45
2020-04-23T00:00:00+0530,121.15,121.45,118.2
2020-04-24T00:00:00+0530,117.75,120.1,116.8
2020-04-27T00:00:00+0530,121.15,121.15,118.25
2020-04-28T00:00:00+0530,120.05,120.3,117.6
2020-04-29T00:00:00+0530,119.65,120.45,117
2020-04-30T00:00:00+0530,119.7,122.6,117.9
2020-05-04T00:00:00+0530,120.7,121.15,118.2
2020-05-05T00:00:00+0530,121.1,124.4,120.15
2020-05-06T00:00:00+0530,122.2,125,122.05
2020-05-07T00:00:00+0530,122.75,123.75,120.75
2020-05-08T00:00:00+0530,121.95,121.95,118.6
2020-05-11T00:00:00+0530,119.5,121.8,118.75
2020-05-12T00:00:00+0530,118.9,123.75,118.3
2020-05-13T00:00:00+0530,128.6,128.95,121.55
2020-05-14T00:00:00+0530,123,123,120
2020-05-15T00:00:00+0530,119.4,121.3,118.7
2020-05-18T00:00:00+0530,119.9,120.15,115
2020-05-19T00:00:00+0530,116.25,119.5,115.5
2020-05-20T00:00:00+0530,117.2,120.5,116.8
2020-05-21T00:00:00+0530,118.15,119.9,117.75
2020-05-22T00:00:00+0530,117.75,118.5,115.6
2020-05-26T00:00:00+0530,117.1,119.05,116.65
2020-05-27T00:00:00+0530,118,118.45,116.8
2020-05-28T00:00:00+0530,118.75,118.75,117.05
2020-05-29T00:00:00+0530,117.95,119,117.45
2020-06-01T00:00:00+0530,118.9,120.8,118.3
2020-06-02T00:00:00+0530,119.9,126.25,118.95
2020-06-03T00:00:00+0530,124.15,125.65,122.9
2020-06-04T00:00:00+0530,123.9,127.45,123.85
2020-06-05T00:00:00+0530,125.25,130.75,123.4
2020-06-08T00:00:00+0530,130.1,131.2,128.15
2020-06-09T00:00:00+0530,130.5,130.55,127.5
2020-06-10T00:00:00+0530,127.9,128.45,126.45
2020-06-11T00:00:00+0530,126.05,133.75,125.9
2020-06-12T00:00:00+0530,124.55,127.05,124.2
2020-06-15T00:00:00+0530,123.9,124.5,121.95
2020-06-16T00:00:00+0530,124.3,124.7,121.1
2020-06-17T00:00:00+0530,120.65,121.35,118.75
2020-06-18T00:00:00+0530,120.55,124.75,119.65
2020-06-19T00:00:00+0530,124.4,129.25,123.8
2020-06-22T00:00:00+0530,132.3,134.8,128
2020-06-23T00:00:00+0530,136.15,141.75,134.3
2020-06-24T00:00:00+0530,140.05,141.3,132.75
2020-06-25T00:00:00+0530,133.8,137.5,130.75
2020-06-26T00:00:00+0530,135.7,136.6,133.6
2020-06-29T00:00:00+0530,133.5,135.25,132.85
2020-06-30T00:00:00+0530,134.25,134.95,130.5
2020-07-01T00:00:00+0530,131.25,131.55,128.95
2020-07-02T00:00:00+0530,130.15,132.6,129.45
2020-07-03T00:00:00+0530,132,134.55,131.35
2020-07-06T00:00:00+0530,133.8,134.05,131.85
2020-07-07T00:00:00+0530,133.9,133.9,128.8
2020-07-08T00:00:00+0530,129.75,131,126.6
2020-07-09T00:00:00+0530,127.9,129.4,127.15
2020-07-10T00:00:00+0530,128.7,130.3,127.15
2020-07-13T00:00:00+0530,129.45,130.65,126.15
2020-07-14T00:00:00+0530,126.4,126.6,122.25
2020-07-15T00:00:00+0530,123.8,124.75,122.35
2020-07-16T00:00:00+0530,123.4,123.4,119.65
2020-07-17T00:00:00+0530,121.25,122.9,121.25
2020-07-20T00:00:00+0530,122.5,123.2,121.75
2020-07-21T00:00:00+0530,123.1,130.85,123.1
2020-07-22T00:00:00+0530,130.5,136.05,130.35
2020-07-23T00:00:00+0530,133.5,136.9,133.1
2020-07-24T00:00:00+0530,134.65,137.45,134
2020-07-27T00:00:00+0530,136,136.15,134.05
2020-07-28T00:00:00+0530,135.15,137.15,134.05
2020-07-29T00:00:00+0530,136,138.4,135.4
2020-07-30T00:00:00+0530,136.9,137.45,131.7
2020-07-31T00:00:00+0530,132.45,134.5,132.15
2020-08-03T00:00:00+0530,134.25,134.65,130.6
2020-08-04T00:00:00+0530,133.4,134.3,131.7
2020-08-05T00:00:00+0530,132.8,133.45,131.35
2020-08-06T00:00:00+0530,132.5,133.3,131.55
2020-08-07T00:00:00+0530,131.85,133.45,131.45
2020-08-10T00:00:00+0530,132.65,134.1,132.2
2020-08-11T00:00:00+0530,133.6,136.75,131.65
2020-08-12T00:00:00+0530,132.15,134.6,129.9
2020-08-13T00:00:00+0530,134.95,135.25,132.3
2020-08-14T00:00:00+0530,135.5,135.5,130.6
2020-08-17T00:00:00+0530,132,136.9,131.7
2020-08-18T00:00:00+0530,134.9,134.95,132.4
2020-08-19T00:00:00+0530,133.9,134.55,132.8
2020-08-20T00:00:00+0530,132.9,141.1,132.35
2020-08-21T00:00:00+0530,137.25,142.9,136.95
2020-08-24T00:00:00+0530,142.25,143,138.3
2020-08-25T00:00:00+0530,139.9,140.1,137.25
2020-08-26T00:00:00+0530,140.25,142.25,138.1
2020-08-27T00:00:00+0530,140.2,140.75,138.55
2020-08-28T00:00:00+0530,139.9,140.05,136.35
2020-08-31T00:00:00+0530,137.65,139,133.5
2020-09-01T00:00:00+0530,134.3,136.75,133.95
2020-09-02T00:00:00+0530,133.45,137.35,131.45
2020-09-03T00:00:00+0530,135.3,136.1,133.25
2020-09-04T00:00:00+0530,132.9,133.5,130.3
2020-09-07T00:00:00+0530,131.3,132.7,129.8
2020-09-08T00:00:00+0530,131.9,132,130.3
2020-09-09T00:00:00+0530,131.25,133.45,130.05
2020-09-10T00:00:00+0530,132,133.85,130.6
2020-09-11T00:00:00+0530,133.6,133.75,130.6
2020-09-14T00:00:00+0530,133.15,133.15,128.05
2020-09-15T00:00:00+0530,128.9,130.45,128.25
2020-09-16T00:00:00+0530,129.75,130.1,128.1
2020-09-17T00:00:00+0530,128.5,128.55,125.95
2020-09-18T00:00:00+0530,126.85,129.75,125.5
2020-09-21T00:00:00+0530,128.25,128.8,125.75
2020-09-22T00:00:00+0530,126.6,127.85,124.9
2020-09-23T00:00:00+0530,127.45,127.45,122.1
2020-09-24T00:00:00+0530,121.7,123.8,118.9
2020-09-25T00:00:00+0530,120.75,121.9,119.8
2020-09-28T00:00:00+0530,120.75,126.8,120.75
2020-09-29T00:00:00+0530,126.75,127.05,121.9
2020-09-30T00:00:00+0530,122.2,122.45,120.25
2020-10-01T00:00:00+0530,123.55,124.5,122.1
2020-10-05T00:00:00+0530,123,124.8,121.6
2020-10-06T00:00:00+0530,122.35,123.3,121.4
2020-10-07T00:00:00+0530,122.25,122.4,119.25
2020-10-08T00:00:00+0530,120.15,120.85,118.5
2020-10-09T00:00:00+0530,119.05,119.5,117.55
2020-10-12T00:00:00+0530,119.4,122.1,118.9
2020-10-13T00:00:00+0530,120,121.5,119.4
2020-10-14T00:00:00+0530,120.35,120.6,117.25
2020-10-15T00:00:00+0530,117.45,117.8,115.95
2020-10-16T00:00:00+0530,117.1,120.9,116.5
2020-10-19T00:00:00+0530,119.95,121.8,119.55
2020-10-20T00:00:00+0530,120,120.3,117.7
2020-10-21T00:00:00+0530,118.2,124.6,117.95
2020-10-22T00:00:00+0530,121.6,124.45,120.9
2020-10-23T00:00:00+0530,123.85,128.55,123.55
2020-10-26T00:00:00+0530,127.55,129.7,127.25
2020-10-27T00:00:00+0530,129.05,131.5,128.65
2020-10-28T00:00:00+0530,130.9,130.9,128.65
2020-10-29T00:00:00+0530,128.3,130,127.7
2020-10-30T00:00:00+0530,127.9,129,127
2020-11-02T00:00:00+0530,129.4,130.8,128.95
2020-11-03T00:00:00+0530,130.5,135.55,130.4
2020-11-04T00:00:00+0530,134.95,135,131
2020-11-05T00:00:00+0530,133.5,134.85,132.45
2020-11-06T00:00:00+0530,133.7,134.6,132.85
2020-11-09T00:00:00+0530,134.95,138.55,134.35
2020-11-10T00:00:00+0530,137.5,140.15,136.15
2020-11-11T00:00:00+0530,137.95,143.25,137.95
2020-11-12T00:00:00+0530,142.9,143.2,140.35
2020-11-13T00:00:00+0530,141.45,142.45,139.65
2020-11-14T00:00:00+0530,141.75,142.45,140.25
2020-11-17T00:00:00+0530,140.25,141.95,139.4
2020-11-18T00:00:00+0530,140.1,142.3,138.55
2020-11-19T00:00:00+0530,133.9,147.9,133.8
2020-11-20T00:00:00+0530,145.15,145.5,141.85
2020-11-23T00:00:00+0530,144,146.95,142.9
2020-11-24T00:00:00+0530,146.25,148.3,144.95
2020-11-25T00:00:00+0530,145.9,148.1,145.15
2020-11-26T00:00:00+0530,146.35,149.35,144.65
2020-11-27T00:00:00+0530,148.25,148.25,141.55
2020-12-01T00:00:00+0530,146.15,147.35,143.75
2020-12-02T00:00:00+0530,144.65,146.4,142.15
2020-12-03T00:00:00+0530,146.25,146.35,143.25
2020-12-04T00:00:00+0530,145.65,147.7,144.55
2020-12-07T00:00:00+0530,144.75,147.95,144.4
2020-12-08T00:00:00+0530,145.5,145.95,143.35
2020-12-09T00:00:00+0530,144.7,146.05,143.35
2020-12-10T00:00:00+0530,144.75,146.55,143.65
2020-12-11T00:00:00+0530,145.5,146.45,144.1
2020-12-14T00:00:00+0530,147,147.75,144.6
2020-12-15T00:00:00+0530,145.8,146.05,143.5
2020-12-16T00:00:00+0530,146.05,147.65,144.4
2020-12-17T00:00:00+0530,145,146.55,143.7
2020-12-18T00:00:00+0530,145,146.1,144.05
2020-12-21T00:00:00+0530,144.75,144.9,138.35
2020-12-22T00:00:00+0530,139.1,143.3,138.75
2020-12-23T00:00:00+0530,143.65,143.8,141.75
2020-12-24T00:00:00+0530,142.7,144.2,142.1
2020-12-28T00:00:00+0530,142.65,144.25,142.5
2020-12-29T00:00:00+0530,143.7,144.5,141.75
2020-12-30T00:00:00+0530,142.5,143,140.1
2020-12-31T00:00:00+0530,142.9,143.25,141.05
2021-01-01T00:00:00+0530,141.75,142.45,141.4
2021-01-04T00:00:00+0530,142.5,142.8,141
2021-01-05T00:00:00+0530,142.15,142.15,139.65
2021-01-06T00:00:00+0530,141,148.2,140.25
2021-01-07T00:00:00+0530,148.5,151.35,146.65
2021-01-08T00:00:00+0530,149.05,153,148.15
2021-01-11T00:00:00+0530,153,153.75,151.1
2021-01-12T00:00:00+0530,150.8,153.55,149.95
2021-01-13T00:00:00+0530,152.85,154.95,151.95
2021-01-14T00:00:00+0530,154.45,155.65,152.7
2021-01-15T00:00:00+0530,152.95,154.3,151.9
2021-01-18T00:00:00+0530,150.95,151.5,145.9
2021-01-19T00:00:00+0530,146.65,150,146.45
2021-01-20T00:00:00+0530,150,150.45,146.35
2021-01-21T00:00:00+0530,147.35,148.3,145.6
2021-01-22T00:00:00+0530,146.25,147.25,144.75
2021-01-25T00:00:00+0530,145.85,147.6,142.2
2021-01-27T00:00:00+0530,142.5,145.75,142
2021-01-28T00:00:00+0530,143.2,143.2,139.35
2021-01-29T00:00:00+0530,141.55,141.75,137.25
2021-02-01T00:00:00+0530,138.35,142.1,136.9
2021-02-02T00:00:00+0530,143.25,146.75,141.9
2021-02-03T00:00:00+0530,145.9,157.5,145.9
2021-02-04T00:00:00+0530,154.9,155.75,153.15
2021-02-05T00:00:00+0530,154.25,156.25,150.95
2021-02-08T00:00:00+0530,154.9,160.05,154.3
2021-02-09T00:00:00+0530,157.5,163.1,157.5
2021-02-10T00:00:00+0530,157.9,160.5,155.25
2021-02-11T00:00:00+0530,156.65,161.1,156.25
2021-02-12T00:00:00+0530,164.25,164.25,157.9
2021-02-15T00:00:00+0530,160.5,161.6,158.65
2021-02-16T00:00:00+0530,160.05,172.45,160
2021-02-17T00:00:00+0530,169.15,173.4,166.65
2021-02-18T00:00:00+0530,173.25,178.75,171.4
2021-02-19T00:00:00+0530,175.15,177.1,171.55
2021-02-22T00:00:00+0530,174.35,175.45,167.7
2021-02-23T00:00:00+0530,169.3,171.85,168.5
2021-02-24T00:00:00+0530,169.6,171.15,166.2
2021-02-25T00:00:00+0530,167.8,174.6,165.6
2021-02-26T00:00:00+0530,166.15,170.45,158.4
2021-03-01T00:00:00+0530,163.15,171.6,163.05
2021-03-02T00:00:00+0530,171.75,172,167.5
2021-03-03T00:00:00+0530,172.5,172.6,167.8
2021-03-04T00:00:00+0530,167.3,172.45,167.3
2021-03-05T00:00:00+0530,169.5,169.5,164.5
2021-03-08T00:00:00+0530,163.4,167.95,162.75
2021-03-09T00:00:00+0530,165.4,166.6,159.95
2021-03-10T00:00:00+0530,163.5,164.2,160.5
2021-03-12T00:00:00+0530,161.8,165.7,161.55
2021-03-15T00:00:00+0530,165.75,169.9,164.8
2021-03-16T00:00:00+0530,168.85,170.4,167.65
2021-03-17T00:00:00+0530,168.7,168.75,164.5
2021-03-18T00:00:00+0530,165.75,167.65,165.1
2021-03-19T00:00:00+0530,166.45,174.1,164.35
2021-03-22T00:00:00+0530,175.8,175.8,166.65
2021-03-23T00:00:00+0530,167.65,168,163.9
2021-03-24T00:00:00+0530,162.8,167.95,162.7
2021-03-25T00:00:00+0530,165.8,167.55,161.5
2021-03-26T00:00:00+0530,164.5,166.5,159.1
2021-03-30T00:00:00+0530,162.7,167.8,161.55
2021-03-31T00:00:00+0530,164.95,165.85,161
2021-04-01T00:00:00+0530,162.5,164.5,161.05
2021-04-05T00:00:00+0530,161.4,164.25,160
2021-04-06T00:00:00+0530,161.4,164.25,156.4
2021-04-07T00:00:00+0530,158.2,162.15,157.15
2021-04-08T00:00:00+0530,158.95,160.15,156.4
2021-04-09T00:00:00+0530,157.05,158.6,156
2021-04-12T00:00:00+0530,155,155,148.9
2021-04-13T00:00:00+0530,153.85,157.05,151.85
2021-04-15T00:00:00+0530,155.95,158.55,155.3
2021-04-16T00:00:00+0530,155.65,161.1,155.45
2021-04-19T00:00:00+0530,154.4,155.25,150
2021-04-20T00:00:00+0530,153.75,154.3,151.25
2021-04-22T00:00:00+0530,153,153.7,150.9
2021-04-23T00:00:00+0530,153.25,159.7,153
2021-04-26T00:00:00+0530,156.15,162.35,156.15
2021-04-27T00:00:00+0530,162.05,165.4,161.85
2021-04-28T00:00:00+0530,164.1,166.3,162.25
2021-04-29T00:00:00+0530,167.35,167.75,164.3
2021-04-30T00:00:00+0530,163.3,166.75,162.5
2021-05-03T00:00:00+0530,163.15,167.15,162.55
2021-05-04T00:00:00+0530,166.05,166.3,162.55
2021-05-05T00:00:00+0530,163.55,165.25,162.6
2021-05-06T00:00:00+0530,163.85,164.55,160.2
2021-05-07T00:00:00+0530,162.25,162.6,160.15
2021-05-10T00:00:00+0530,161.55,165.1,161.2
2021-05-11T00:00:00+0530,165,168.9,163.8
2021-05-12T00:00:00+0530,167.55,176.25,167.3
2021-05-14T00:00:00+0530,170.8,172.5,167.9
2021-05-17T00:00:00+0530,173.2,173.25,170.35
2021-05-18T00:00:00+0530,173.2,179.9,171.4
2021-05-19T00:00:00+0530,175.65,178.5,173.55
2021-05-20T00:00:00+0530,175.5,176.2,171.3
2021-05-21T00:00:00+0530,171.05,171.95,169.5
2021-05-24T00:00:00+0530,171.75,175.8,171.3
2021-05-25T00:00:00+0530,174.75,175.85,173.35
2021-05-26T00:00:00+0530,174.9,175.35,168.7
2021-05-27T00:00:00+0530,170.05,172.2,167.45
2021-05-28T00:00:00+0530,173.25,173.25,168.6
2021-05-31T00:00:00+0530,169.5,169.95,167.8
2021-06-01T00:00:00+0530,169.75,171,167.95
2021-06-02T00:00:00+0530,168.15,171.1,168.1
2021-06-03T00:00:00+0530,171.8,173.6,169.25
2021-06-04T00:00:00+0530,169.5,171.1,168.6
2021-06-07T00:00:00+0530,170.5,178.35,170.2
2021-06-08T00:00:00+0530,179.2,179.2,174.05
2021-06-09T00:00:00+0530,177,184.15,175.35
2021-06-10T00:00:00+0530,186,186,180.2
2021-06-11T00:00:00+0530,186.6,186.6,183
2021-06-14T00:00:00+0530,185.95,187.35,181.6
2021-06-15T00:00:00+0530,187.9,188.65,185.3
2021-06-16T00:00:00+0530,185.15,185.65,180.7
2021-06-17T00:00:00+0530,183.05,183.05,177.55
2021-06-18T00:00:00+0530,183,183.75,172.6
2021-06-21T00:00:00+0530,173.95,176.6,171.3
2021-06-22T00:00:00+0530,174.05,177.75,174.05
2021-06-23T00:00:00+0530,176.8,177,174
2021-06-24T00:00:00+0530,174.2,174.7,171.1
2021-06-25T00:00:00+0530,173.6,174.6,172.05
2021-06-28T00:00:00+0530,174,174.4,173.05
2021-06-29T00:00:00+0530,174.45,178.45,173.75
2021-06-30T00:00:00+0530,177.85,178.2,174
2021-07-01T00:00:00+0530,174.4,174.7,172.65
2021-07-02T00:00:00+0530,173.1,173.35,170.7
2021-07-05T00:00:00+0530,172,173.2,171.25
2021-07-06T00:00:00+0530,172.05,172.9,171.25
2021-07-07T00:00:00+0530,171.6,173.6,171.6
2021-07-08T00:00:00+0530,172.6,174.85,172.15
2021-07-09T00:00:00+0530,173.3,173.6,172.5
2021-07-12T00:00:00+0530,173.05,173.8,171.15
2021-07-13T00:00:00+0530,172.8,173.95,171.25
2021-07-14T00:00:00+0530,171.5,173.6,171.35
2021-07-15T00:00:00+0530,173.25,173.6,172
2021-07-16T00:00:00+0530,173.75,177.4,172.9
2021-07-19T00:00:00+0530,175.4,176,173.65
2021-07-20T00:00:00+0530,176.2,177.25,173.2
2021-07-22T00:00:00+0530,175.9,175.9,171.55
2021-07-23T00:00:00+0530,175.3,175.45,174.05
2021-07-26T00:00:00+0530,175.1,176.5,174.05
2021-07-27T00:00:00+0530,174.75,176.15,173
2021-07-28T00:00:00+0530,174,174.3,170.55
2021-07-29T00:00:00+0530,171,173.55,167.15
2021-07-30T00:00:00+0530,169.05,173.2,168.2
2021-08-02T00:00:00+0530,171.5,172,169.3
2021-08-03T00:00:00+0530,172.55,175.2,171.1
2021-08-04T00:00:00+0530,175.65,176.6,173.85
2021-08-05T00:00:00+0530,175.25,175.75,173.25
2021-08-06T00:00:00+0530,175.5,176.5,174.55
2021-08-09T00:00:00+0530,177,177,174.05
2021-08-10T00:00:00+0530,176.1,176.1,171.35
2021-08-11T00:00:00+0530,172.95,177,172.55
2021-08-12T00:00:00+0530,177,187.7,176.3
2021-08-13T00:00:00+0530,184.2,187.3,183.6
2021-08-16T00:00:00+0530,184,184.3,180.4
2021-08-17T00:00:00+0530,181.05,183.75,181
2021-08-18T00:00:00+0530,183.7,186,180.15
2021-08-20T00:00:00+0530,177.3,180.05,177.05
2021-08-23T00:00:00+0530,179.5,179.9,174.2
2021-08-24T00:00:00+0530,177.3,179.3,175.45
2021-08-25T00:00:00+0530,177.2,177.45,175.05
2021-08-26T00:00:00+0530,175.4,175.4,171.6
2021-08-27T00:00:00+0530,173.8,174.85,171.75
2021-08-30T00:00:00+0530,175.2,176.35,172.8
2021-08-31T00:00:00+0530,175.5,177.05,174.95
2021-09-01T00:00:00+0530,177.8,177.8,174.65
2021-09-02T00:00:00+0530,175.4,176.1,174.2
2021-09-03T00:00:00+0530,176,176.8,174.4
2021-09-06T00:00:00+0530,175.7,176.35,173
2021-09-07T00:00:00+0530,174.1,174.15,172.45
2021-09-08T00:00:00+0530,171.25,173.6,170.2
2021-09-09T00:00:00+0530,172.4,174.15,171.9
2021-09-13T00:00:00+0530,174.25,174.3,172.7
2021-09-14T00:00:00+0530,173.9,175.1,173.5
2021-09-15T00:00:00+0530,174,179,173.75
2021-09-16T00:00:00+0530,178.95,181.65,178.3
2021-09-17T00:00:00+0530,179.55,180.4,176.75
2021-09-20T00:00:00+0530,177.2,179.2,175.1
2021-09-21T00:00:00+0530,176.05,178.4,175.45
2021-09-22T00:00:00+0530,175.8,177.45,175.8
2021-09-23T00:00:00+0530,177,178.75,177
2021-09-24T00:00:00+0530,178.3,179.5,175.8
2021-09-27T00:00:00+0530,176.5,177.15,175.1
2021-09-28T00:00:00+0530,176.85,188.9,176.1
2021-09-29T00:00:00+0530,183.5,196.3,182.45
2021-09-30T00:00:00+0530,194.95,198,188.65
2021-10-01T00:00:00+0530,190.8,193.5,189.65
2021-10-04T00:00:00+0530,192,193.05,190.05
2021-10-05T00:00:00+0530,191.65,195.1,189.35
2021-10-06T00:00:00+0530,191.95,192.15,186.75
2021-10-07T00:00:00+0530,191,191.55,187.6
2021-10-08T00:00:00+0530,189,190.15,187
2021-10-11T00:00:00+0530,190,195.1,189.3
2021-10-12T00:00:00+0530,193.9,194.65,191.65
2021-10-13T00:00:00+0530,195.1,204.5,194.15
2021-10-14T00:00:00+0530,200.2,205.95,198.25
2021-10-18T00:00:00+0530,209.8,209.95,202.15
2021-10-19T00:00:00+0530,204,204.8,197
2021-10-20T00:00:00+0530,200,200.25,193.35
2021-10-21T00:00:00+0530,196.25,197.35,193.5
2021-10-22T00:00:00+0530,195.9,197,191.25
2021-10-25T00:00:00+0530,194.45,195,190.5
2021-10-26T00:00:00+0530,192.6,192.95,189.7
2021-10-27T00:00:00+0530,190.15,191.85,188.55
2021-10-28T00:00:00+0530,190.7,191.1,185.25
2021-10-29T00:00:00+0530,186.9,188.65,181.3
2021-11-01T00:00:00+0530,184.6,188.5,184.55
2021-11-02T00:00:00+0530,188.65,191.25,185.15
2021-11-03T00:00:00+0530,185.5,187.3,183
2021-11-04T00:00:00+0530,184.95,185.85,184.25
2021-11-08T00:00:00+0530,187.6,190.35,184.6
2021-11-09T00:00:00+0530,190.35,190.35,185.3
2021-11-10T00:00:00+0530,185.95,186.5,183.55
2021-11-11T00:00:00+0530,185,185.25,180.7
2021-11-12T00:00:00+0530,183.7,183.7,180.3
2021-11-15T00:00:00+0530,182.2,188.75,182
2021-11-16T00:00:00+0530,189,191.35,186.5
2021-11-17T00:00:00+0530,187,193.8,187
2021-11-18T00:00:00+0530,191.85,194.45,191.05
2021-11-22T00:00:00+0530,194.4,197,192
2021-11-23T00:00:00+0530,193.25,202.4,193.15
2021-11-24T00:00:00+0530,202.2,207.45,202
2021-11-25T00:00:00+0530,202.6,205,201.25
2021-11-26T00:00:00+0530,204.05,204.95,200.8
2021-11-29T00:00:00+0530,199,204,198.5
2021-11-30T00:00:00+0530,200.3,209.5,200.3
2021-12-01T00:00:00+0530,207,208.75,204.7
2021-12-02T00:00:00+0530,209,216,206.5
2021-12-03T00:00:00+0530,213.15,216.45,205.5
2021-12-06T00:00:00+0530,207.35,208,201.35
2021-12-07T00:00:00+0530,202.6,206.95,202.15
2021-12-08T00:00:00+0530,205.15,207.65,203.55
2021-12-09T00:00:00+0530,205.5,206.45,202.1
2021-12-10T00:00:00+0530,204.25,204.25,201.85
2021-12-13T00:00:00+0530,205.5,209.65,203.7
2021-12-14T00:00:00+0530,204.1,213.15,203.2
2021-12-15T00:00:00+0530,213.1,215.65,207.8
2021-12-16T00:00:00+0530,211.4,211.8,206.3
2021-12-17T00:00:00+0530,208.2,210.5,205.05
2021-12-20T00:00:00+0530,210.75,212.65,207.5
2021-12-21T00:00:00+0530,211.45,211.75,204.8
2021-12-22T00:00:00+0530,199.8,203,198
2021-12-23T00:00:00+0530,202.5,209.6,202.05
2021-12-24T00:00:00+0530,208.2,208.7,204.85
2021-12-27T00:00:00+0530,205.4,207.25,205
2021-12-28T00:00:00+0530,206.65,208.65,203.3
2021-12-29T00:00:00+0530,203,205.9,202.7
2021-12-30T00:00:00+0530,204.6,211.4,201.65
2021-12-31T00:00:00+0530,204,206.2,203.55
2022-01-03T00:00:00+0530,205.4,206.95,204.15
2022-01-04T00:00:00+0530,206.3,213,205.5
2022-01-05T00:00:00+0530,210,211.35,208.05
2022-01-06T00:00:00+0530,207.75,208.7,204.65
2022-01-07T00:00:00+0530,206.95,208.5,204.5
2022-01-10T00:00:00+0530,207.25,207.25,203.45
2022-01-11T00:00:00+0530,204.55,205.8,203.5
2022-01-12T00:00:00+0530,206,206.7,204.35
2022-01-13T00:00:00+0530,207.6,211.5,206.55
2022-01-14T00:00:00+0530,207.95,209.65,206.55
2022-01-17T00:00:00+0530,209.15,209.55,205.8
2022-01-18T00:00:00+0530,206.25,207.85,204.6
2022-01-19T00:00:00+0530,206,207.4,201.05
2022-01-20T00:00:00+0530,207.1,215.35,205.4
2022-01-21T00:00:00+0530,213.9,219.25,213
2022-01-24T00:00:00+0530,216.4,217.75,211.5
2022-01-25T00:00:00+0530,213.5,220.2,211.95
2022-01-27T00:00:00+0530,218,219.3,212.35
2022-01-28T00:00:00+0530,217.5,217.5,209.25
2022-01-31T00:00:00+0530,212,216.75,211.2
2022-02-01T00:00:00+0530,217,217.05,211.3
2022-02-02T00:00:00+0530,214.85,217.8,213.25
2022-02-03T00:00:00+0530,214,215,211
2022-02-04T00:00:00+0530,212,213.35,209.1
2022-02-07T00:00:00+0530,211.05,214.3,210
2022-02-08T00:00:00+0530,214,215.4,208.5
2022-02-09T00:00:00+0530,210.6,211.65,208.7
2022-02-10T00:00:00+0530,210.05,215.7,210.05
2022-02-11T00:00:00+0530,210.2,212,207.05
2022-02-14T00:00:00+0530,206.95,206.95,201.25
2022-02-15T00:00:00+0530,202,203.85,199
2022-02-16T00:00:00+0530,198.6,201,195.7
2022-02-17T00:00:00+0530,198.25,198.85,196
2022-02-18T00:00:00+0530,196.8,200.15,195.25
2022-02-21T00:00:00+0530,195.7,199,195.55
2022-02-22T00:00:00+0530,194.2,198.45,191.8
2022-02-23T00:00:00+0530,198.35,199.5,197.6
2022-02-24T00:00:00+0530,194,196,189.9
2022-02-25T00:00:00+0530,192.55,197.9,192.15
2022-02-28T00:00:00+0530,197.45,210.25,196.05
2022-03-02T00:00:00+0530,207.75,213.15,206.2
2022-03-03T00:00:00+0530,210.7,219.35,210.7
2022-03-04T00:00:00+0530,215.95,217.5,210.95
2022-03-07T00:00:00+0530,210.5,215.2,208.85
2022-03-08T00:00:00+0530,214,223.4,209.8
2022-03-09T00:00:00+0530,215.15,216,206.6
2022-03-10T00:00:00+0530,211,211.4,207.05
2022-03-11T00:00:00+0530,209.3,213,207.75
2022-03-14T00:00:00+0530,212.45,214,209.6
2022-03-15T00:00:00+0530,213.2,215.05,208.3
2022-03-16T00:00:00+0530,211.25,211.8,208.95
2022-03-17T00:00:00+0530,212,212.75,207.75
2022-03-21T00:00:00+0530,216,216,204.5
2022-03-22T00:00:00+0530,205,209.5,204.05
2022-03-23T00:00:00+0530,209.5,210.6,208.3
2022-03-24T00:00:00+0530,210,211.2,208
2022-03-25T00:00:00+0530,210.75,210.8,206.7
2022-03-28T00:00:00+0530,209.65,212.75,207.5
2022-03-29T00:00:00+0530,213.85,214.45,209.7
2022-03-30T00:00:00+0530,213.1,218.7,211.8
2022-03-31T00:00:00+0530,215.55,217.25,214.75
2022-04-01T00:00:00+0530,216.1,225.75,216.1
2022-04-04T00:00:00+0530,226,228.1,224.05
2022-04-05T00:00:00+0530,229.95,234.6,226.9
2022-04-06T00:00:00+0530,231.35,238.45,231.15
2022-04-07T00:00:00+0530,235.95,239.9,230
2022-04-08T00:00:00+0530,233,234.1,230.6
2022-04-11T00:00:00+0530,232.5,235.55,228.4
2022-04-12T00:00:00+0530,229.25,233.65,228.6
2022-04-13T00:00:00+0530,234.95,235.35,227.55
2022-04-18T00:00:00+0530,229.5,231.8,227.55
2022-04-19T00:00:00+0530,232.7,233.35,226.5
2022-04-20T00:00:00+0530,228.25,229,223.45
2022-04-21T00:00:00+0530,226.1,228.65,225.25
2022-04-22T00:00:00+0530,225.05,230.2,224.7
2022-04-25T00:00:00+0530,223.95,226.9,221.5
2022-04-26T00:00:00+0530,227,232.2,224.35
2022-04-27T00:00:00+0530,231.35,232.85,227.45
2022-04-28T00:00:00+0530,233.4,236.25,230.05
2022-04-29T00:00:00+0530,235.1,236.35,227.05
2022-05-02T00:00:00+0530,225.9,233.25,225.9
2022-05-04T00:00:00+0530,233,239.45,232.9
2022-05-05T00:00:00+0530,238.4,240.65,232.85
2022-05-06T00:00:00+0530,231.45,239.15,231.45
2022-05-09T00:00:00+0530,239,246.45,235.65
2022-05-10T00:00:00+0530,245.8,248.35,242.5
2022-05-11T00:00:00+0530,244,248,238.7
2022-05-12T00:00:00+0530,239,241.9,232.15
2022-05-13T00:00:00+0530,239.85,239.85,233.1
2022-05-16T00:00:00+0530,235.5,237.9,233
2022-05-17T00:00:00+0530,234.9,239.3,232.75
2022-05-18T00:00:00+0530,237.5,238.25,227.1
2022-05-19T00:00:00+0530,223,229.65,221.65
2022-05-20T00:00:00+0530,230.75,233.1,226.75
2022-05-23T00:00:00+0530,232,232,224.2
2022-05-24T00:00:00+0530,225,229.65,224.6
2022-05-25T00:00:00+0530,228.4,229.4,222.55
2022-05-26T00:00:00+0530,227,229.1,223.9
2022-05-27T00:00:00+0530,228.6,228.65,223.4
2022-05-30T00:00:00+0530,224.5,229.9,224.3
2022-05-31T00:00:00+0530,228.25,235.15,228.2
2022-06-01T00:00:00+0530,232.15,233,228.15
2022-06-02T00:00:00+0530,229.4,229.4,224.55
2022-06-03T00:00:00+0530,226,228.1,225
2022-06-06T00:00:00+0530,226,227.45,223.55
2022-06-07T00:00:00+0530,223.95,226.25,223.7
2022-06-08T00:00:00+0530,223.05,226.5,223.05
2022-06-09T00:00:00+0530,224.7,225.7,221
2022-06-10T00:00:00+0530,222.05,227.45,222.05
2022-06-13T00:00:00+0530,221.85,225.5,221.5
2022-06-14T00:00:00+0530,222.35,227.3,222
2022-06-15T00:00:00+0530,224.25,226.3,221.9
2022-06-16T00:00:00+0530,223.35,224.3,215.65
2022-06-17T00:00:00+0530,214.2,216.9,210.25
2022-06-20T00:00:00+0530,209.1,210.9,206.35
2022-06-21T00:00:00+0530,209.05,213.15,207.3
2022-06-22T00:00:00+0530,210.8,211.25,208.2
2022-06-23T00:00:00+0530,210.1,211.7,206.15
2022-06-24T00:00:00+0530,212,212,207.75
2022-06-27T00:00:00+0530,213.35,213.35,209.65
2022-06-28T00:00:00+0530,209.55,211.55,208.35
2022-06-29T00:00:00+0530,209.1,215,208.45
2022-06-30T00:00:00+0530,211.5,214.75,210.4
2022-07-01T00:00:00+0530,211.05,212.9,205.2
2022-07-04T00:00:00+0530,205.05,212.15,205.05
2022-07-05T00:00:00+0530,211,215.95,210.95
2022-07-06T00:00:00+0530,214,214.15,208.2
2022-07-07T00:00:00+0530,213.25,215.3,212.1
2022-07-08T00:00:00+0530,214,219.4,212.65
2022-07-11T00:00:00+0530,220,221.25,216.2
2022-07-12T00:00:00+0530,215.1,216.95,213.15
2022-07-13T00:00:00+0530,214.5,216.7,213.45
2022-07-14T00:00:00+0530,219.25,219.25,212.85
2022-07-15T00:00:00+0530,217,217,208.8
2022-07-18T00:00:00+0530,210.35,212.4,208.9
2022-07-19T00:00:00+0530,209.9,211.5,209.6
2022-07-20T00:00:00+0530,211.3,212.3,208.5
2022-07-21T00:00:00+0530,209.95,213.2,209.45
2022-07-22T00:00:00+0530,213.95,213.95,209.5
2022-07-25T00:00:00+0530,210,211,207.4
2022-07-26T00:00:00+0530,207.9,211,207.1
2022-07-27T00:00:00+0530,209.9,211,209.4
2022-07-28T00:00:00+0530,211,214.8,210.05
2022-07-29T00:00:00+0530,216.4,217.8,212.85
2022-08-01T00:00:00+0530,215.05,220.15,214.15
2022-08-02T00:00:00+0530,219.95,223.4,217.35
2022-08-03T00:00:00+0530,223.35,224.75,219.65
2022-08-04T00:00:00+0530,224,224.2,219.1
2022-08-05T00:00:00+0530,221.7,224.75,218.85
2022-08-08T00:00:00+0530,225,226.3,221.1
2022-08-10T00:00:00+0530,220.75,224.9,220.55
2022-08-11T00:00:00+0530,224.65,226.9,221.7
2022-08-12T00:00:00+0530,223,228.6,222
2022-08-16T00:00:00+0530,229.2,229.95,227.05
2022-08-17T00:00:00+0530,228.85,230.95,227.7
2022-08-18T00:00:00+0530,227.95,231.7,227.75
2022-08-19T00:00:00+0530,228.45,229.7,225.7
2022-08-22T00:00:00+0530,228.1,230.8,225.65
2022-08-23T00:00:00+0530,224.95,228.85,224.2
2022-08-24T00:00:00+0530,227.35,229.95,226.5
2022-08-25T00:00:00+0530,230.5,231,225.1
2022-08-26T00:00:00+0530,226.6,231.2,226.6
2022-08-29T00:00:00+0530,228.25,228.9,225.6
2022-08-30T00:00:00+0530,228.2,230.25,228.1
2022-09-01T00:00:00+0530,225.05,230.1,225
2022-09-02T00:00:00+0530,227.5,228.85,223.8
2022-09-05T00:00:00+0530,225,225.55,221.7
2022-09-06T00:00:00+0530,224,228,224
2022-09-07T00:00:00+0530,223.05,226.95,223.05
2022-09-08T00:00:00+0530,226,226.9,223.45
2022-09-09T00:00:00+0530,226.05,226.15,222.5
2022-09-12T00:00:00+0530,223.55,224.7,222.2
2022-09-13T00:00:00+0530,224.3,227.5,223.8
2022-09-14T00:00:00+0530,225,233.2,224.7
2022-09-15T00:00:00+0530,233.45,238.25,232.35
2022-09-16T00:00:00+0530,238.4,238.45,233.4
2022-09-19T00:00:00+0530,235.95,238.1,231.65
2022-09-20T00:00:00+0530,234,236.25,232.1
2022-09-21T00:00:00+0530,233.85,234.35,224.3
2022-09-22T00:00:00+0530,224,226.4,219.15
2022-09-23T00:00:00+0530,218.3,219.75,198.1
2022-09-26T00:00:00+0530,200,209.35,186.35
2022-09-27T00:00:00+0530,205.8,207.9,201.25
2022-09-28T00:00:00+0530,205.2,210.4,202.55
2022-09-29T00:00:00+0530,208.95,212.1,206.05
2022-09-30T00:00:00+0530,207,218.7,207
2022-10-03T00:00:00+0530,213,214.65,209
2022-10-04T00:00:00+0530,212.1,212.35,208
2022-10-06T00:00:00+0530,208.85,210.9,205.6
2022-10-07T00:00:00+0530,204,209.75,204
2022-10-10T00:00:00+0530,207.95,211.95,207.55
2022-10-11T00:00:00+0530,210,211.45,206.55
2022-10-12T00:00:00+0530,210.45,215.95,209.35
2022-10-13T00:00:00+0530,214.95,217.3,213.25
2022-10-14T00:00:00+0530,218,218,211.55
2022-10-17T00:00:00+0530,211.95,214.95,211
2022-10-18T00:00:00+0530,212.95,215,211.55
2022-10-19T00:00:00+0530,213,216.9,212.95
2022-10-20T00:00:00+0530,212.55,218,212.35
2022-10-21T00:00:00+0530,215.35,218.9,214
2022-10-24T00:00:00+0530,219.8,220.25,218.6
2022-10-25T00:00:00+0530,218.85,219.4,214.25
2022-10-27T00:00:00+0530,219.3,224.85,217.35
2022-10-28T00:00:00+0530,223.8,229,223.2
2022-10-31T00:00:00+0530,227.95,230.25,226.7
2022-11-01T00:00:00+0530,230.65,235.9,229.8
2022-11-02T00:00:00+0530,235.15,236.55,232.85
2022-11-03T00:00:00+0530,233,233.6,226.7
2022-11-04T00:00:00+0530,228,229.45,225
2022-11-07T00:00:00+0530,227.3,231.9,226.4
2022-11-09T00:00:00+0530,231,231,218.05
2022-11-10T00:00:00+0530,216,220.15,213.5
2022-11-11T00:00:00+0530,216,217.85,213.55
2022-11-14T00:00:00+0530,210.95,213.7,210.25
2022-11-15T00:00:00+0530,210,216.5,209.65
2022-11-16T00:00:00+0530,215.95,217.45,213.45
2022-11-17T00:00:00+0530,216.9,220.45,216.25
2022-11-18T00:00:00+0530,218.35,218.8,216.85
2022-11-21T00:00:00+0530,217.5,219.5,216.5
2022-11-22T00:00:00+0530,218.5,219.2,216.9
2022-11-23T00:00:00+0530,218.25,218.8,214.25
2022-11-24T00:00:00+0530,215.4,221,215.1
2022-11-25T00:00:00+0530,220.75,220.9,216.6
2022-11-28T00:00:00+0530,219.15,222.2,219.15
2022-11-29T00:00:00+0530,221.3,222.25,218.55
2022-11-30T00:00:00+0530,219.35,224.95,217.65
2022-12-01T00:00:00+0530,224,224.85,220.5
2022-12-02T00:00:00+0530,218.55,221.5,218.55
2022-12-05T00:00:00+0530,219.7,222.25,217.2
2022-12-06T00:00:00+0530,221.55,224.15,219.4
2022-12-07T00:00:00+0530,222.85,224.1,220.45
2022-12-08T00:00:00+0530,221.8,221.85,216.9
2022-12-09T00:00:00+0530,218.4,218.95,215.7
2022-12-12T00:00:00+0530,216,218,214.6
2022-12-13T00:00:00+0530,215.55,216.8,213.05
2022-12-14T00:00:00+0530,216.3,220.55,216.3
2022-12-15T00:00:00+0530,219.5,220.4,215.9
2022-12-16T00:00:00+0530,215,218.2,212.6
2022-12-19T00:00:00+0530,214.05,219.2,213.5
2022-12-20T00:00:00+0530,218.9,218.9,213.9
2022-12-21T00:00:00+0530,217.05,218.25,213.85
2022-12-22T00:00:00+0530,216.1,217,212.85
2022-12-23T00:00:00+0530,213.4,215.3,210.45
2022-12-26T00:00:00+0530,211.5,214.25,210.95
2022-12-27T00:00:00+0530,212.95,215.2,211.8
2022-12-28T00:00:00+0530,212.5,218.4,212.5
2022-12-29T00:00:00+0530,214.05,216.5,213.5
2022-12-30T00:00:00+0530,216.05,216.75,213.25
2023-01-02T00:00:00+0530,214.55,215.5,213
2023-01-03T00:00:00+0530,215.25,216.2,214.35
2023-01-04T00:00:00+0530,215.4,215.4,210.5
2023-01-05T00:00:00+0530,211.9,211.9,206.6
2023-01-06T00:00:00+0530,208.15,210.3,207.55
2023-01-09T00:00:00+0530,209.2,211.95,204.25
2023-01-10T00:00:00+0530,209.9,212.45,209
2023-01-11T00:00:00+0530,212.2,213.05,210.1
2023-01-12T00:00:00+0530,213.55,213.9,211.4
2023-01-13T00:00:00+0530,213.6,215.35,213.3
2023-01-16T00:00:00+0530,215,215.9,212.7
2023-01-17T00:00:00+0530,215.65,218.7,214.9
2023-01-18T00:00:00+0530,218.3,220.15,216.4
2023-01-19T00:00:00+0530,218.8,221.25,218.65
2023-01-20T00:00:00+0530,221,223.9,221
2023-01-23T00:00:00+0530,224,228.3,223.55
2023-01-24T00:00:00+0530,226.25,226.6,220.5
2023-01-25T00:00:00+0530,220.7,221.25,217.8
2023-01-27T00:00:00+0530,219.3,221.45,217
2023-01-30T00:00:00+0530,218,218.85,210.55
2023-01-31T00:00:00+0530,212.6,220.2,212.15
2023-02-01T00:00:00+0530,225,225,213.6
2023-02-02T00:00:00+0530,216,217.1,211.35
2023-02-03T00:00:00+0530,213.2,215.15,210.4
2023-02-06T00:00:00+0530,213.45,217.35,213.05
2023-02-07T00:00:00+0530,218,218.2,215.1
2023-02-08T00:00:00+0530,212.85,213.25,210.45
2023-02-09T00:00:00+0530,212,213.95,212
2023-02-10T00:00:00+0530,211.9,214.45,211.85
2023-02-13T00:00:00+0530,214.1,216.5,214
2023-02-14T00:00:00+0530,217.05,217.05,212.75
2023-02-15T00:00:00+0530,213.25,215.2,213
2023-02-16T00:00:00+0530,216.9,216.9,214
2023-02-17T00:00:00+0530,214,215.9,213
2023-02-20T00:00:00+0530,215.6,217,214.2
2023-02-21T00:00:00+0530,217.55,218.75,216.05
2023-02-22T00:00:00+0530,216,217.3,213
2023-02-23T00:00:00+0530,215,215.9,212.6
2023-02-24T00:00:00+0530,212.4,215.4,212.4
2023-02-27T00:00:00+0530,216.45,219.95,214.55
2023-02-28T00:00:00+0530,220.6,223,218.75
2023-03-01T00:00:00+0530,221.55,222.25,217.4
2023-03-02T00:00:00+0530,218,221,215.8
2023-03-03T00:00:00+0530,220.4,225.45,220.4
2023-03-06T00:00:00+0530,224,228.8,223
2023-03-08T00:00:00+0530,226.95,228.35,225.7
2023-03-09T00:00:00+0530,229,230.45,225.5
2023-03-10T00:00:00+0530,222.25,228.15,222.25
2023-03-13T00:00:00+0530,228.05,230.05,225.4
2023-03-14T00:00:00+0530,225.15,227.75,224
2023-03-15T00:00:00+0530,226.6,230.05,225.7
2023-03-16T00:00:00+0530,229.45,232.9,228.35
2023-03-17T00:00:00+0530,233.95,234,228.3
2023-03-20T00:00:00+0530,225.3,229.4,225.3
2023-03-21T00:00:00+0530,227.25,227.7,222.45
2023-03-22T00:00:00+0530,223,224.7,220.8
2023-03-23T00:00:00+0530,224,224.5,221.25
2023-03-24T00:00:00+0530,223,224.25,220.8
2023-03-27T00:00:00+0530,222.9,226.25,219.55
2023-03-28T00:00:00+0530,221.25,223.1,218.7
2023-03-29T00:00:00+0530,222.1,223.7,220.55
2023-03-31T00:00:00+0530,224,226.75,223
2023-04-03T00:00:00+0530,227.35,227.35,223.85
2023-04-05T00:00:00+0530,226.6,226.6,223.7
2023-04-06T00:00:00+0530,227.2,227.4,224.65
2023-04-10T00:00:00+0530,225.2,229.4,225
2023-04-11T00:00:00+0530,228.9,232,228.45
2023-04-12T00:00:00+0530,231.4,231.55,227.05
2023-04-13T00:00:00+0530,227.3,231.65,227
2023-04-17T00:00:00+0530,232.6,239.9,232.3
2023-04-18T00:00:00+0530,236.9,237.5,229.65
2023-04-19T00:00:00+0530,229,231.4,228.65
2023-04-20T00:00:00+0530,230.85,232.9,229.65
2023-04-21T00:00:00+0530,231.8,232.35,229.6
2023-04-24T00:00:00+0530,231,232.3,229.95
2023-04-25T00:00:00+0530,231.3,233.9,230.65
2023-04-26T00:00:00+0530,234.05,239.5,232
2023-04-27T00:00:00+0530,238,238.3,233.5
2023-04-28T00:00:00+0530,236.95,237.95,233.1
2023-05-02T00:00:00+0530,238.7,241.15,238.25
2023-05-03T00:00:00+0530,240,242,238.8
2023-05-04T00:00:00+0530,239.65,240.7,234.95
2023-05-05T00:00:00+0530,238.8,241.5,238.2
2023-05-08T00:00:00+0530,241.85,246.25,241.1
2023-05-09T00:00:00+0530,244.05,246.9,242.7
2023-05-10T00:00:00+0530,245.15,247.95,244.6
2023-05-11T00:00:00+0530,247.7,249.2,246.6
2023-05-12T00:00:00+0530,248.85,249.6,241.15
2023-05-15T00:00:00+0530,243.4,245.65,242.35
2023-05-16T00:00:00+0530,243.55,244.55,240
2023-05-17T00:00:00+0530,240.9,241.9,237.45
2023-05-18T00:00:00+0530,241,241,234.6
2023-05-19T00:00:00+0530,235.65,237.5,232
2023-05-22T00:00:00+0530,234.7,239,232.65
2023-05-23T00:00:00+0530,234.05,236.55,233.35
2023-05-24T00:00:00+0530,237.8,237.85,234.85
2023-05-25T00:00:00+0530,237.7,240.3,236.3
2023-05-26T00:00:00+0530,237.85,237.9,234.8
2023-05-29T00:00:00+0530,238.2,238.35,234.1
2023-05-30T00:00:00+0530,235.9,235.9,233.7
2023-05-31T00:00:00+0530,235,235.2,230
2023-06-01T00:00:00+0530,232.95,234.1,230.05
2023-06-02T00:00:00+0530,234,235.1,233.1
2023-06-05T00:00:00+0530,236.45,238,234.8
2023-06-06T00:00:00+0530,236.45,237,234.45
2023-06-07T00:00:00+0530,236.7,240.05,236.15
2023-06-08T00:00:00+0530,239.25,245.45,239.25
2023-06-09T00:00:00+0530,243.55,245.5,241.8
2023-06-12T00:00:00+0530,245,246.45,241.2
2023-06-13T00:00:00+0530,242,243.45,241.45
2023-06-14T00:00:00+0530,242.1,247.2,242.1
2023-06-15T00:00:00+0530,246.95,246.95,243.8
2023-06-16T00:00:00+0530,246.4,247.35,244.5
2023-06-19T00:00:00+0530,246.45,248.3,242.4
2023-06-20T00:00:00+0530,243.85,249.7,243.75
2023-06-21T00:00:00+0530,248.8,259.05,248.75
2023-06-22T00:00:00+0530,258,258,252.7
2023-06-23T00:00:00+0530,253.6,254.65,249.55
2023-06-26T00:00:00+0530,250,250.25,247.15
2023-06-27T00:00:00+0530,248.1,250.05,247.65
2023-06-28T00:00:00+0530,250.8,252.5,246.45
2023-06-30T00:00:00+0530,256.5,259.7,251.2
2023-07-03T00:00:00+0530,254.55,254.95,249.5
2023-07-04T00:00:00+0530,252.5,252.5,249.2
2023-07-05T00:00:00+0530,249.7,253.95,249.5
2023-07-06T00:00:00+0530,259.95,263.6,254.4
2023-07-07T00:00:00+0530,262.55,262.55,254.7
2023-07-10T00:00:00+0530,255.45,256.4,248.5
2023-07-11T00:00:00+0530,252,255.4,250.05
2023-07-12T00:00:00+0530,254,254.75,251.15
2023-07-13T00:00:00+0530,251.75,252.2,241.7
2023-07-14T00:00:00+0530,243,244.4,236.7
2023-07-17T00:00:00+0530,242.5,244.95,239.2
2023-07-18T00:00:00+0530,241,243.7,239.6
2023-07-19T00:00:00+0530,241,246.2,240.55
2023-07-20T00:00:00+0530,243.95,245.85,242.3
2023-07-21T00:00:00+0530,243.25,246.3,242.2
2023-07-24T00:00:00+0530,244.05,248.15,242.85
2023-07-25T00:00:00+0530,248.95,251.5,248.15
2023-07-26T00:00:00+0530,253.9,255.65,250
2023-07-27T00:00:00+0530,252,253.4,249.7
2023-07-28T00:00:00+0530,251.8,261.15,250.1
2023-07-31T00:00:00+0530,262,267,259.15
2023-08-01T00:00:00+0530,262,262,250.5
2023-08-02T00:00:00+0530,252.9,253.8,246.6
2023-08-03T00:00:00+0530,249,250.6,246.1
2023-08-04T00:00:00+0530,248,249.05,246.6
2023-08-07T00:00:00+0530,248.8,248.95,246
2023-08-08T00:00:00+0530,245.25,245.25,240.65
2023-08-09T00:00:00+0530,243,243.5,239.75
2023-08-10T00:00:00+0530,240.55,242.65,240.05
2023-08-11T00:00:00+0530,245.5,246.25,242.8
2023-08-14T00:00:00+0530,244.85,245.3,240.75
2023-08-16T00:00:00+0530,244.6,248.65,243.05
2023-08-17T00:00:00+0530,248.05,248.8,242.2
2023-08-18T00:00:00+0530,243.65,243.65,240.1
2023-08-21T00:00:00+0530,242.3,247.7,241.7
2023-08-22T00:00:00+0530,248,250.15,246.7
2023-08-23T00:00:00+0530,250,250,247.2
2023-08-24T00:00:00+0530,250,252.65,245.8
2023-08-25T00:00:00+0530,246.15,247.4,241.4
